	Nome Interno do Anúncio	Canal	Tipo de Acomodação	Porte	Atendecência Reserva (dias)	Data de Criação	Chegada	Data de checkout	Número de Noites	Adults Count	Children Count	Infants Count	Total de Hóspedes	Total da Reserva	Total da reserva por hospede	Total da reserva por noite	Valor por Noite	Ganhos	Ganho por hospede	Ganho por Noite	Comissão Plataforma	Bairro	Status da Reserva	OTA's external code
0	Studio Praia Ipanema	Airbnb	Espaço Inteiro	Pequeno	5	2023-08-07	2023-08-12	2023-08-15	3	2	0	0	2	971.39	485.695	323.8	323.8	825.68	412.84	275.23	145.71	Ipanema	Confirmada	HMYM2TERN4
1	Charmoso Apartamento no Leblon!	Airbnb	Espaço Inteiro	Pequeno	3	2023-08-08	2023-08-11	2023-08-22	11	1	0	0	1	4902.52	4902.52	445.68	445.68	4167.14	4167.14	378.83	735.38	Leblon	Confirmada	HMK9A3HPXS
2	Apê Amplo Ipanema 300 m da Praia	Airbnb	Espaço Inteiro	Grande	31	2023-07-11	2023-08-11	2023-08-14	3	8	0	0	8	2052.22	256.5275	684.07	684.07	1744.39	218.05	581.46	307.83	Ipanema	Confirmada	HMRSW4ZSKM
3	Stúdio Praia Leblon	Airbnb	Espaço Inteiro	Pequeno	31	2023-07-11	2023-08-11	2023-08-13	2	2	0	0	2	820.88	410.44	410.44	410.44	697.75	348.88	348.88	123.13	Leblon	Confirmada	HMXPZ8WSSP
4	Apê Amplo em Ipanema 300 m da Praia	Airbnb	Espaço Inteiro	Grande	8	2023-08-02	2023-08-10	2023-08-17	7	4	0	0	4	3897.51	974.3775	556.79	556.79	3312.88	828.22	473.27	584.63	Ipanema	Confirmada	HMXP8HBHHK
5	Ipanema Studio 300 m da praia	Airbnb	Espaço Inteiro	Pequeno	4	2023-08-05	2023-08-09	2023-08-14	5	1	0	0	1	1254.13	1254.13	250.83	250.83	1066.01	1066.01	213.2	188.12	Ipanema	Confirmada	HMHZH85KDF
6	Super Apê com Jacuzzi Ipanema	Airbnb	Espaço Inteiro	Grande	28	2023-07-11	2023-08-08	2023-08-13	5	6	0	0	6	3135.34	522.5566666666667	627.07	627.07	2665.04	444.17	533.01	470.3	Ipanema	Confirmada	HMWF5JDB8C
7	Super Apê com Jacuzzi Ipanema	Airbnb	Espaço Inteiro	Grande	1	2023-08-05	2023-08-06	2023-08-07	1	3	0	0	3	718.28	239.42666666666665	718.28	718.28	610.54	203.51	610.54	107.74	Ipanema	Confirmada	HMR2X94R9Z
8	Charmoso Apartamento no Leblon!	Airbnb	Espaço Inteiro	Pequeno	1	2023-08-03	2023-08-04	2023-08-09	5	1	0	0	1	1915.42	1915.42	383.08	383.08	1628.11	1628.11	325.62	287.31	Leblon	Confirmada	HMWX2FTRC8
9	Apê Amplo Ipanema 300 m da Praia	Airbnb	Espaço Inteiro	Grande	23	2023-07-12	2023-08-04	2023-08-07	3	8	0	0	8	2052.22	256.5275	684.07	684.07	1744.39	218.05	581.46	307.83	Ipanema	Confirmada	HM8Y4KYWQB
10	Apartamento Leblon Vista Mar!	Airbnb	Espaço Inteiro	Pequeno	8	2023-07-27	2023-08-04	2023-08-06	2	2	0	0	2	969.11	484.555	484.56	484.56	823.74	411.87	411.87	145.37	Leblon	Confirmada	HMYP4PM4TR
11	Stúdio Praia Leblon	Airbnb	Espaço Inteiro	Pequeno	16	2023-07-19	2023-08-04	2023-08-06	2	2	0	0	2	820.88	410.44	410.44	410.44	697.75	348.88	348.88	123.13	Leblon	Confirmada	HMJ38HPAQN
12	"Copanema linda kitnet
300 m da praia e Arpoador"	Airbnb	Espaço Inteiro	Pequeno	2	2023-07-31	2023-08-02	2023-08-05	3	1	0	0	1	703.44	703.44	234.48	234.48	597.92	597.92	199.31	105.52	Ipanema	Confirmada	HM94H9YF3J
13	Apê Ipanema à 600m da praia	Airbnb	Espaço Inteiro	Pequeno	1	2023-07-31	2023-08-01	2023-08-08	7	1	0	0	1	1744.39	1744.39	249.2	249.2	1482.73	1482.73	211.82	261.66	Ipanema	Confirmada	HMN3NZWH5P
14	Super Apê com Jacuzzi Ipanema	Airbnb	Espaço Inteiro	Grande	1	2023-07-31	2023-08-01	2023-08-05	4	6	0	0	6	2519.67	419.945	629.92	629.92	2141.72	356.95	535.43	377.95	Ipanema	Confirmada	HMA3YDJSD5
15	Charmoso Apartamento no Leblon!	Airbnb	Espaço Inteiro	Pequeno	2	2023-07-30	2023-08-01	2023-08-03	2	1	0	0	1	706.87	706.87	353.44	353.44	600.84	600.84	300.42	106.03	Leblon	Confirmada	HMDSJRM2ES
16	"Copanema linda kitnet
300 m da praia e Arpoador"	Airbnb	Espaço Inteiro	Pequeno	6	2023-07-22	2023-07-28	2023-07-31	3	1	0	0	1	855.09	855.09	285.03	285.03	726.83	726.83	242.28	128.26	Ipanema	Confirmada	HMQ3B48W2E
17	Apartamento Leblon Vista Mar!	Airbnb	Espaço Inteiro	Pequeno	22	2023-07-06	2023-07-28	2023-07-31	3	2	0	0	2	1413.75	706.875	471.25	471.25	1201.69	600.84	400.56	212.06	Leblon	Confirmada	HMK9WPBAYE
18	Stúdio Praia Leblon	Airbnb	Espaço Inteiro	Pequeno	20	2023-07-08	2023-07-28	2023-07-30	2	2	0	0	2	820.88	410.44	410.44	410.44	697.75	348.88	348.88	123.13	Leblon	Confirmada	HMBQC8PN2R
19	Apê Amplo Ipanema 300 m da Praia	Airbnb	Espaço Inteiro	Grande	7	2023-07-20	2023-07-27	2023-08-01	5	6	0	0	6	3078.33	513.055	615.67	615.67	2616.58	436.1	523.32	461.75	Ipanema	Confirmada	HMSC2MZ2TQ
20	Super Apê com Jacuzzi Ipanema	Airbnb	Espaço Inteiro	Grande	33	2023-06-24	2023-07-27	2023-07-31	4	5	0	0	5	2006.61	401.322	501.65	501.65	1705.62	341.12	426.4	300.99	Ipanema	Confirmada	HMP42TTZB3
21	Charmoso Apartamento no Leblon!	Airbnb	Espaço Inteiro	Pequeno	4	2023-07-23	2023-07-27	2023-07-30	3	2	0	0	2	1083.12	541.56	361.04	361.04	920.65	460.32	306.88	162.47	Leblon	Confirmada	HMQQWE22XB
22	Apê Ipanema à 600m da praia	Airbnb	Espaço Inteiro	Pequeno	22	2023-07-05	2023-07-27	2023-07-30	3	2	0	0	2	843.68	421.84	281.23	281.23	717.13	358.56	239.04	126.55	Ipanema	Confirmada	HM4WSD3CAM
23	Super Apê com Jacuzzi Ipanema	Airbnb	Espaço Inteiro	Grande	1	2023-07-25	2023-07-26	2023-07-27	1	4	0	0	4	570.06	142.515	570.06	570.06	484.55	121.14	484.55	85.51	Ipanema	Confirmada	HME8NKSYT4
24	"Copanema linda kitnet
300 m da praia e Arpoador"	Airbnb	Espaço Inteiro	Pequeno	1	2023-07-24	2023-07-25	2023-07-28	3	2	0	0	2	680.66	340.33	226.89	226.89	578.56	289.28	192.85	102.1	Ipanema	Confirmada	HMYX5S5HYA
25	Apê Amplo Ipanema 300 m da Praia	Airbnb	Espaço Inteiro	Grande	1	2023-07-23	2023-07-24	2023-07-26	2	6	0	0	6	801.24	133.54	400.62	400.62	681.05	113.51	340.52	120.19	Ipanema	Confirmada	HMQ9PSRN8B
26	Apartamento Leblon Vista Mar!	Airbnb	Espaço Inteiro	Pequeno	13	2023-07-10	2023-07-23	2023-07-28	5	2	0	0	2	2137.75	1068.875	427.55	427.55	1817.09	908.54	363.42	320.66	Leblon	Confirmada	HMSCPWYC8X
27	Super Apê com Jacuzzi Ipanema	Airbnb	Espaço Inteiro	Grande	14	2023-07-09	2023-07-23	2023-07-26	3	4	0	0	4	1368.14	342.035	456.05	456.05	1162.92	290.73	387.64	205.22	Ipanema	Confirmada	HMWFSEYEME
28	Charmoso Apartamento no Leblon!	Airbnb	Espaço Inteiro	Pequeno	6	2023-07-16	2023-07-22	2023-07-27	5	1	0	0	1	1653.16	1653.16	330.63	330.63	1405.19	1405.19	281.04	247.97	Leblon	Confirmada	HM9XZCDRFF
30	"Copanema linda kitnet
300 m da praia e Arpoador"	Airbnb	Espaço Inteiro	Pequeno	8	2023-07-13	2023-07-21	2023-07-25	4	2	0	0	2	1060.32	530.16	265.08	265.08	901.27	450.64	225.32	159.05	Ipanema	Confirmada	HMWZZXAH2B
31	Apartamento Leblon Vista Mar!	Airbnb	Espaço Inteiro	Pequeno	4	2023-07-17	2023-07-21	2023-07-23	2	1	0	0	1	855.09	855.09	427.54	427.54	726.83	726.83	363.42	128.26	Leblon	Confirmada	HMCEC8WYXD
33	Apê Amplo Ipanema 300 m da Praia	Airbnb	Espaço Inteiro	Grande	14	2023-07-06	2023-07-20	2023-07-24	4	5	0	0	5	2257.45	451.48999999999995	564.36	564.36	1918.83	383.77	479.71	338.62	Ipanema	Confirmada	HMTE8C2HXT
34	Stúdio Praia Leblon	Airbnb	Espaço Inteiro	Pequeno	15	2023-07-05	2023-07-20	2023-07-23	3	2	0	0	2	1368.14	684.07	456.05	456.05	1162.92	581.46	387.64	205.22	Leblon	Confirmada	HMWWZKF8PY
35	Super Apê com Jacuzzi Ipanema	Airbnb	Espaço Inteiro	Grande	24	2023-06-26	2023-07-20	2023-07-23	3	2	3	0	5	1641.78	328.356	547.26	547.26	1395.51	279.1	465.17	246.27	Ipanema	Confirmada	HMEDH3EB2X
36	Charmoso Apartamento no Leblon!	Airbnb	Espaço Inteiro	Pequeno	4	2023-07-16	2023-07-20	2023-07-22	2	2	0	0	2	684.07	342.035	342.04	342.04	581.46	290.73	290.73	102.61	Leblon	Confirmada	HMN8APTM58
37	"Copanema linda kitnet
300 m da praia e Arpoador"	Airbnb	Espaço Inteiro	Pequeno	0	2023-07-18	2023-07-18	2023-07-21	3	2	0	0	2	684.07	342.035	228.02	228.02	581.46	290.73	193.82	102.61	Ipanema	Confirmada	HMSA3S5T5S
38	Apê Ipanema à 600m da praia	Airbnb	Espaço Inteiro	Pequeno	17	2023-06-29	2023-07-16	2023-07-23	7	2	0	0	2	1981.53	990.765	283.08	283.08	1684.3	842.15	240.61	297.23	Ipanema	Confirmada	HMYFQ2DAYA
39	Charmoso Apartamento no Leblon!	Airbnb	Espaço Inteiro	Pequeno	0	2023-07-16	2023-07-16	2023-07-20	4	2	0	0	2	1368.14	684.07	342.04	342.04	1162.92	581.46	290.73	205.22	Leblon	Confirmada	HMWYMACT2M
41	"Copanema linda kitnet
300 m da praia e Arpoador"	Airbnb	Espaço Inteiro	Pequeno	1	2023-04-13	2023-04-14	2023-04-18	4	2	0	0	2	991.89	495.945	247.97	247.97	843.11	421.56	210.78	148.78	Ipanema	Confirmada	HMZEHHSK4R
42	Ipanema à 300 m da Praia	Airbnb	Quarto	Quarto	3	2023-04-11	2023-04-14	2023-04-18	4	1	0	0	1	672.67	672.67	168.17	168.17	571.77	571.77	142.94	100.9	Ipanema	Confirmada	HMZHJX453C
43	Casa Cercada pela Natureza em Visconde de Mauá	Airbnb	Espaço Inteiro	Grande	1	2023-04-13	2023-04-14	2023-04-17	3	2	0	0	2	1368.14	684.07	456.05	456.05	1162.92	581.46	387.64	205.22	Visconde de Mauá	Confirmada	HM4NASBJ9J
45	Ipanema à 300 m da Praia	Airbnb	Quarto	Quarto	2	2023-04-11	2023-04-13	2023-04-24	11	1	0	0	1	1341.92	1341.92	121.99	121.99	1140.63	1140.63	103.69	201.29	Ipanema	Confirmada	HM2DXQQNWB
46	Stúdio Praia Leblon	Airbnb	Espaço Inteiro	Pequeno	0	2023-04-13	2023-04-13	2023-04-16	3	1	0	0	1	1185.72	1185.72	395.24	395.24	1007.86	1007.86	335.95	177.86	Leblon	Confirmada	HMASDYQKSE
47	Ipanema à 350 m da Praia	Airbnb	Quarto	Quarto	0	2023-04-12	2023-04-12	2023-04-15	3	1	0	0	1	456.02	456.02	152.01	152.01	387.62	387.62	129.21	68.4	Ipanema	Confirmada	HMABFAWZT2
48	Apê Ipanema à 600m da praia	Airbnb	Espaço Inteiro	Pequeno	4	2023-04-07	2023-04-11	2023-04-18	7	2	0	0	2	1820.21	910.105	260.03	260.03	1547.18	773.59	221.03	273.03	Ipanema	Confirmada	HMQR922YX8
49	"Copanema linda kitnet
300 m da praia e Arpoador"	Airbnb	Espaço Inteiro	Pequeno	0	2023-04-09	2023-04-09	2023-04-12	3	1	0	0	1	684.07	684.07	228.02	228.02	581.46	581.46	193.82	102.61	Ipanema	Confirmada	HMX4JXF4KW
50	Quarto solteiro Ipanema	Airbnb	Quarto	Quarto	7	2023-04-01	2023-04-08	2023-05-07	29	1	0	0	1	2428.94	2428.94	83.76	83.76	2064.6	2064.6	71.19	364.34	Ipanema	Confirmada	HMB5ECYK4F
51	Apê Amplo em Ipanema 300 m da Praia	Airbnb	Espaço Inteiro	Grande	6	2023-04-02	2023-04-08	2023-04-13	5	5	0	0	5	2907.32	581.464	581.46	581.46	2471.22	494.24	494.24	436.1	Ipanema	Confirmada	HMTCQRS99N
53	Suíte em Ipanema 300m da praia	Airbnb	Quarto	Quarto	0	2023-04-07	2023-04-07	2023-04-12	5	2	0	0	2	969.09	484.545	193.82	193.82	823.73	411.86	164.75	145.36	Ipanema	Confirmada	HMRX55AAZR
54	Casa Cercada pela Natureza em Visconde de Mauá	Airbnb	Espaço Inteiro	Grande	9	2023-03-28	2023-04-06	2023-04-09	3	3	1	0	4	1539.16	384.79	513.05	513.05	1308.29	327.07	436.1	230.87	Visconde de Mauá	Confirmada	HMNRREYART
55	300 metros da praia em Ipanema.	Airbnb	Quarto	Quarto	1	2023-04-04	2023-04-05	2023-04-11	6	1	0	0	1	980.52	980.52	163.42	163.42	833.44	833.44	138.91	147.08	Ipanema	Confirmada	HMRN9QXCZT
57	Ipanema à 350 m da Praia	Airbnb	Quarto	Quarto	2	2023-04-02	2023-04-04	2023-04-10	6	1	0	0	1	798.11	798.11	133.02	133.02	678.39	678.39	113.06	119.72	Ipanema	Confirmada	HM8SWTTWD2
58	Quarto solteiro Ipanema	Airbnb	Quarto	Quarto	1	2023-04-03	2023-04-04	2023-04-08	4	1	0	0	1	442.36	442.36	110.59	110.59	376.01	376.01	94.0	66.35	Ipanema	Confirmada	HMYEFSRCQY
59	"Copanema linda kitnet
300 m da praia e Arpoador"	Airbnb	Espaço Inteiro	Pequeno	10	2023-03-24	2023-04-03	2023-04-09	6	1	0	0	1	1561.96	1561.96	260.33	260.33	1327.67	1327.67	221.28	234.29	Ipanema	Confirmada	HMZ4DATM2H
60	Apê Amplo em Ipanema 300 m da Praia	Airbnb	Espaço Inteiro	Grande	6	2023-03-28	2023-04-03	2023-04-08	5	1	0	0	1	68.41	68.41	13.68	13.68	58.15	58.15	11.63	10.26	Ipanema	Confirmada	HM4TM8SK59
61	Suíte em Ipanema 300m da praia	Airbnb	Quarto	Quarto	2	2023-03-30	2023-04-01	2023-04-04	3	2	0	0	2	581.46	290.73	193.82	193.82	494.24	247.12	164.75	87.22	Ipanema	Confirmada	HMH9DDSZZD
62	300 metros da praia em Ipanema.	Airbnb	Quarto	Quarto	0	2023-04-01	2023-04-01	2023-04-03	2	1	0	0	1	364.84	364.84	182.42	182.42	310.11	310.11	155.06	54.73	Ipanema	Confirmada	HMWP4MQ4RK
63	Ipanema à 300 m da Praia	Airbnb	Quarto	Quarto	0	2023-04-01	2023-04-01	2023-04-03	2	1	0	0	1	399.06	399.06	199.53	199.53	339.2	339.2	169.6	59.86	Ipanema	Confirmada	HMDB34AZZX
64	Apê Ipanema à 600m da praia	Airbnb	Espaço Inteiro	Pequeno	7	2023-03-24	2023-03-31	2023-04-10	10	1	0	0	1	3271.56	3271.56	327.16	327.16	2780.83	2780.83	278.08	490.73	Ipanema	Confirmada	HMEZDWTZ33
65	Apartamento Leblon Vista Mar!	Airbnb	Espaço Inteiro	Pequeno	62	2023-01-28	2023-03-31	2023-04-08	8	2	0	1	3	3130.8	1043.6000000000001	391.35	391.35	2661.18	887.06	332.65	469.62	Leblon	Confirmada	HMBAM555ZN
66	"Copanema linda kitnet
300 m da praia e Arpoador"	Airbnb	Espaço Inteiro	Pequeno	9	2023-03-22	2023-03-31	2023-04-03	3	2	0	0	2	809.48	404.74	269.83	269.83	688.06	344.03	229.35	121.42	Ipanema	Confirmada	HM28F3ZFYJ
67	Ipanema à 300 m da Praia	Airbnb	Quarto	Quarto	2	2023-03-28	2023-03-30	2023-04-02	3	1	0	0	1	399.05	399.05	133.02	133.02	339.19	339.19	113.06	59.86	Ipanema	Confirmada	HMYSBXXFA9
69	Apê Ipanema à 600m da praia	Airbnb	Espaço Inteiro	Pequeno	1	2023-03-26	2023-03-27	2023-03-31	4	1	0	0	1	1413.73	1413.73	353.43	353.43	1201.67	1201.67	300.42	212.06	Ipanema	Confirmada	HM5YAAY4M2
70	Ipanema à 350 m da Praia	Airbnb	Quarto	Quarto	5	2023-03-20	2023-03-25	2023-03-31	6	1	0	0	1	1190.28	1190.28	198.38	198.38	1011.74	1011.74	168.62	178.54	Ipanema	Confirmada	HMMY3JJF2Z
72	300 metros da praia em Ipanema.	Airbnb	Quarto	Quarto	1	2023-03-23	2023-03-24	2023-03-26	2	1	0	0	1	798.08	798.08	399.04	399.04	678.37	678.37	339.18	119.71	Ipanema	Confirmada	HMXP89HM4K
74	Apê Amplo em Ipanema 300 m da Praia	Airbnb	Espaço Inteiro	Grande	14	2023-03-09	2023-03-23	2023-03-28	5	5	0	0	5	3762.4	752.48	752.48	752.48	3198.04	639.61	639.61	564.36	Ipanema	Confirmada	HMH4X9SKNM
75	Suíte em Ipanema 300m da praia	Airbnb	Quarto	Quarto	17	2023-03-06	2023-03-23	2023-03-28	5	2	0	0	2	1083.14	541.57	216.63	216.63	920.67	460.34	184.13	162.47	Ipanema	Confirmada	HMP3SEHFMN
76	Apartamento Leblon Vista Mar!	Airbnb	Espaço Inteiro	Pequeno	59	2023-01-23	2023-03-23	2023-03-28	5	2	0	0	2	2394.26	1197.13	478.85	478.85	2035.12	1017.56	407.02	359.14	Leblon	Confirmada	HMCX8NMQJ5
77	Apê Ipanema à 600m da praia	Airbnb	Espaço Inteiro	Pequeno	25	2023-02-25	2023-03-22	2023-03-27	5	2	0	0	2	1767.19	883.595	353.44	353.44	1502.11	751.06	300.42	265.08	Ipanema	Confirmada	HMYWB35YYF
78	"Copanema linda kitnet
300 m da praia e Arpoador"	Airbnb	Espaço Inteiro	Pequeno	17	2023-03-04	2023-03-21	2023-03-29	8	2	0	0	2	2120.64	1060.32	265.08	265.08	1802.54	901.27	225.32	318.1	Ipanema	Confirmada	HMP4WXRWRD
80	"Copanema linda kitnet
300 m da praia e Arpoador"	Airbnb	Espaço Inteiro	Pequeno	3	2023-05-15	2023-05-18	2023-05-23	5	2	0	0	2	855.09	427.545	171.02	171.02	726.83	363.42	145.37	128.26	Ipanema	Confirmada	HMMD855BP3
81	Suíte em Ipanema 300m da praia	Airbnb	Quarto	Quarto	14	2023-05-02	2023-05-16	2023-05-23	7	2	0	0	2	1176.64	588.32	168.09	168.09	1000.14	500.07	142.88	176.5	Ipanema	Confirmada	HM8AHQC5B8
82	300 metros da praia em Ipanema.	Airbnb	Quarto	Quarto	2	2023-05-13	2023-05-15	2023-05-25	10	1	0	0	1	1254.13	1254.13	125.41	125.41	1066.01	1066.01	106.6	188.12	Ipanema	Confirmada	HMDP38E5Z3
83	Apartamento Leblon Vista Mar!	Airbnb	Espaço Inteiro	Pequeno	13	2023-05-01	2023-05-14	2023-05-23	9	2	0	0	2	3273.05	1636.525	363.67	363.67	2782.09	1391.04	309.12	490.96	Leblon	Confirmada	HM8XCNT9WS
84	Ipanema à 300 m da Praia	Airbnb	Quarto	Quarto	1	2023-05-13	2023-05-14	2023-05-19	5	1	0	0	1	570.06	570.06	114.01	114.01	484.55	484.55	96.91	85.51	Ipanema	Confirmada	HMD8R8M8A5
85	300 metros da praia em Ipanema.	Airbnb	Quarto	Quarto	1	2023-05-12	2023-05-13	2023-05-15	2	1	0	0	1	342.04	342.04	171.02	171.02	290.73	290.73	145.36	51.31	Ipanema	Confirmada	HMY9MMZHWK
86	Apê Ipanema à 600m da praia	Airbnb	Espaço Inteiro	Pequeno	2	2023-05-10	2023-05-12	2023-05-27	15	1	0	0	1	3975.61	3975.61	265.04	265.04	3379.27	3379.27	225.28	596.34	Ipanema	Confirmada	HM59KSK8JC
88	Ipanema à 300 m da Praia	Airbnb	Quarto	Quarto	3	2023-05-08	2023-05-11	2023-05-14	3	1	0	0	1	364.84	364.84	121.61	121.61	310.11	310.11	103.37	54.73	Ipanema	Confirmada	HMEJBCSNC5
89	Ipanema à 300 m da Praia	Airbnb	Quarto	Quarto	0	2023-05-10	2023-05-10	2023-05-12	2	1	0	0	1	421.85	421.85	210.92	210.92	358.57	358.57	179.28	63.28	Ipanema	Confirmada	HMPN5J8N9T
90	Quarto solteiro Ipanema	Airbnb	Quarto	Quarto	2	2023-05-05	2023-05-07	2023-05-19	12	1	0	0	1	1308.39	1308.39	109.03	109.03	1112.13	1112.13	92.68	196.26	Ipanema	Confirmada	HMMDCPMWWB
91	Suíte em Ipanema 300m da praia	Airbnb	Quarto	Quarto	3	2023-05-04	2023-05-07	2023-05-12	5	2	0	0	2	855.11	427.555	171.02	171.02	726.84	363.42	145.37	128.27	Ipanema	Confirmada	HMCWFFCZXX
92	"Copanema linda kitnet
300 m da praia e Arpoador"	Airbnb	Espaço Inteiro	Pequeno	1	2023-05-04	2023-05-05	2023-05-12	7	1	1	0	2	1368.15	684.075	195.45	195.45	1162.93	581.46	166.13	205.22	Ipanema	Confirmada	HMQ9QKWD9N
93	Ipanema à 300 m da Praia	Airbnb	Quarto	Quarto	0	2023-05-05	2023-05-05	2023-05-09	4	1	0	0	1	672.65	672.65	168.16	168.16	571.75	571.75	142.94	100.9	Ipanema	Confirmada	HMBKSSMDDT
94	Ipanema à 300 m da Praia	Airbnb	Quarto	Quarto	1	2023-05-04	2023-05-05	2023-05-09	4	1	0	0	1	513.06	513.06	128.26	128.26	436.1	436.1	109.02	76.96	Ipanema	Confirmada	HMY25WRDJQ
96	Stúdio Praia Leblon	Airbnb	Espaço Inteiro	Pequeno	0	2023-05-04	2023-05-04	2023-05-07	3	2	0	0	2	1083.12	541.56	361.04	361.04	920.65	460.32	306.88	162.47	Leblon	Confirmada	HMQP42WWWT
97	Apartamento Leblon Vista Mar!	Airbnb	Espaço Inteiro	Pequeno	14	2023-04-16	2023-04-30	2023-05-14	14	1	0	0	1	4756.73	4756.73	339.77	339.77	4043.22	4043.22	288.8	713.51	Leblon	Confirmada	HMYY9HTYYD
98	"Copanema linda kitnet
300 m da praia e Arpoador"	Airbnb	Espaço Inteiro	Pequeno	1	2023-04-29	2023-04-30	2023-05-05	5	2	0	0	2	1140.14	570.07	228.03	228.03	969.12	484.56	193.82	171.02	Ipanema	Confirmada	HMDSNYF5BK
99	Stúdio Praia Leblon	Airbnb	Espaço Inteiro	Pequeno	16	2023-04-12	2023-04-28	2023-05-01	3	2	0	0	2	1267.81	633.905	422.6	422.6	1077.64	538.82	359.21	190.17	Leblon	Confirmada	HMHPHFKADD
101	Suíte em Ipanema 300m da praia	Airbnb	Quarto	Quarto	0	2023-04-27	2023-04-27	2023-05-01	4	2	0	0	2	1048.92	524.46	262.23	262.23	891.58	445.79	222.9	157.34	Ipanema	Confirmada	HMFWFB9QE5
102	"Copanema linda kitnet
300 m da praia e Arpoador"	Airbnb	Espaço Inteiro	Pequeno	4	2023-04-23	2023-04-27	2023-04-30	3	1	0	0	1	923.49	923.49	307.83	307.83	784.97	784.97	261.66	138.52	Ipanema	Confirmada	HM33PMTXRB
103	Ipanema à 350 m da Praia	Airbnb	Quarto	Quarto	2	2023-04-24	2023-04-26	2023-05-23	27	1	0	0	1	62.71	62.71	2.32	2.32	53.3	53.3	1.97	9.41	Ipanema	Confirmada	HMTN2SKEDX
104	Apê Amplo em Ipanema 300 m da Praia	Airbnb	Espaço Inteiro	Grande	10	2023-04-16	2023-04-26	2023-05-02	6	4	0	0	4	4104.42	1026.105	684.07	684.07	3488.76	872.19	581.46	615.66	Ipanema	Confirmada	HMY9H8495H
105	Apartamento Leblon Vista Mar!	Airbnb	Espaço Inteiro	Pequeno	52	2023-03-05	2023-04-26	2023-04-30	4	2	0	0	2	2314.45	1157.225	578.61	578.61	1967.28	983.64	491.82	347.17	Leblon	Confirmada	HM2M5JNECJ
106	Stúdio Praia Leblon	Airbnb	Espaço Inteiro	Pequeno	1	2023-04-22	2023-04-23	2023-04-27	4	2	0	0	2	1368.13	684.065	342.03	342.03	1162.91	581.46	290.73	205.22	Leblon	Confirmada	HM2F5NZKQW
107	300 metros da praia em Ipanema.	Airbnb	Quarto	Quarto	2	2023-04-19	2023-04-21	2023-05-09	18	1	0	0	1	2675.89	2675.89	148.66	148.66	2274.51	2274.51	126.36	401.38	Ipanema	Confirmada	HMFZAE2MR4
108	Apê Ipanema à 600m da praia	Airbnb	Espaço Inteiro	Pequeno	12	2023-04-09	2023-04-21	2023-04-28	7	2	0	0	2	2188.46	1094.23	312.64	312.64	1860.19	930.1	265.74	328.27	Ipanema	Confirmada	HMBWDAMXXZ
109	Casa Cercada pela Natureza em Visconde de Mauá	Airbnb	Espaço Inteiro	Grande	15	2023-04-06	2023-04-21	2023-04-24	3	1	0	0	1	62.71	62.71	20.9	20.9	53.3	53.3	17.77	9.41	Visconde de Mauá	Confirmada	HM85TY293T
110	Ipanema à 350 m da Praia	Airbnb	Quarto	Quarto	2	2023-04-18	2023-04-20	2023-04-26	6	1	0	0	1	866.49	866.49	144.42	144.42	736.52	736.52	122.75	129.97	Ipanema	Confirmada	HMEQFNNYSN
111	Apartamento Leblon Vista Mar!	Airbnb	Espaço Inteiro	Pequeno	12	2023-04-08	2023-04-20	2023-04-24	4	2	0	0	2	1744.39	872.195	436.1	436.1	1482.73	741.36	370.68	261.66	Leblon	Confirmada	HM2QYSMQ32
112	Stúdio Praia Leblon	Airbnb	Espaço Inteiro	Pequeno	8	2023-04-12	2023-04-20	2023-04-23	3	2	0	0	2	1267.81	633.905	422.6	422.6	1077.64	538.82	359.21	190.17	Leblon	Confirmada	HMECCTQXB4
113	"Copanema linda kitnet
300 m da praia e Arpoador"	Airbnb	Espaço Inteiro	Pequeno	8	2023-04-12	2023-04-20	2023-04-23	3	2	0	0	2	946.27	473.135	315.42	315.42	804.33	402.16	268.11	141.94	Ipanema	Confirmada	HMWCDWQXJ9
114	Ipanema à 300 m da Praia	Airbnb	Quarto	Quarto	0	2023-04-19	2023-04-19	2023-04-22	3	1	0	0	1	636.19	636.19	212.06	212.06	540.76	540.76	180.25	95.43	Ipanema	Confirmada	HMC9SBXBMW
116	Ipanema à 300 m da Praia	Airbnb	Quarto	Quarto	3	2023-04-14	2023-04-17	2023-04-24	7	1	0	0	1	1064.19	1064.19	152.03	152.03	904.56	904.56	129.22	159.63	Ipanema	Confirmada	HMHNR5DCQ8
117	Suíte em Ipanema 300m da praia	Airbnb	Quarto	Quarto	9	2023-04-08	2023-04-17	2023-04-23	6	2	0	0	2	1385.25	692.625	230.88	230.88	1177.46	588.73	196.24	207.79	Ipanema	Confirmada	HMBB3HCBFP
118	Ipanema à 350 m da Praia	Airbnb	Quarto	Quarto	0	2023-04-17	2023-04-17	2023-04-20	3	1	0	0	1	490.25	490.25	163.42	163.42	416.71	416.71	138.9	73.54	Ipanema	Confirmada	HMMR93R4SJ
119	Ipanema à 300 m da Praia	Airbnb	Quarto	Quarto	0	2023-04-15	2023-04-15	2023-04-23	8	1	0	0	1	1136.72	1136.72	142.09	142.09	966.21	966.21	120.78	170.51	Ipanema	Confirmada	HM9AD8RKZ9
120	Ipanema Studio 300 m da praia	Airbnb	Espaço Inteiro	Pequeno	1	2023-09-09	2023-09-10	2023-09-15	5	2	0	0	2	1239.15	619.575	247.83	247.83	1053.28	526.64	210.66	185.87	Ipanema	Confirmada	HMY2XBQKQ9
122	Charmoso Apartamento no Leblon!	Airbnb	Espaço Inteiro	Pequeno	66	2023-07-04	2023-09-08	2023-09-10	2	2	0	0	2	1026.11	513.055	513.05	513.05	872.19	436.1	436.1	153.92	Leblon	Confirmada	HMD9XREMK5
123	Apê Amplo em Ipanema 300 m da Praia	Airbnb	Espaço Inteiro	Grande	36	2023-08-02	2023-09-07	2023-09-21	14	4	0	0	4	11064.86	2766.215	790.35	790.35	9405.13	2351.28	671.8	1659.73	Ipanema	Confirmada	HMD49ANMBN
124	Apartamento Leblon Vista Mar!	Airbnb	Espaço Inteiro	Pequeno	25	2023-08-13	2023-09-07	2023-09-11	4	2	0	0	2	2238.14	1119.07	559.54	559.54	1902.42	951.21	475.6	335.72	Leblon	Confirmada	HMEBW8R9CY
125	Studio Praia Ipanema	Airbnb	Espaço Inteiro	Pequeno	15	2023-08-23	2023-09-07	2023-09-10	3	3	0	0	3	1336.92	445.64000000000004	445.64	445.64	1136.38	378.79	378.79	200.54	Ipanema	Confirmada	HMZZWKNB5J
126	Apê Amplo Ipanema 300 m da Praia	Airbnb	Espaço Inteiro	Grande	24	2023-08-14	2023-09-07	2023-09-10	3	8	0	0	8	3581.02	447.6275	1193.67	1193.67	3043.87	380.48	1014.62	537.15	Ipanema	Confirmada	HMNTBKMWTN
127	Stúdio Praia Leblon	Airbnb	Espaço Inteiro	Pequeno	60	2023-07-08	2023-09-06	2023-09-10	4	2	0	0	2	1824.2	912.1	456.05	456.05	1550.57	775.28	387.64	273.63	Leblon	Confirmada	HMRNQ8P4ZY
128	"Copanema linda kitnet
300 m da praia e Arpoador"	Airbnb	Espaço Inteiro	Pequeno	82	2023-06-15	2023-09-05	2023-09-10	5	2	0	0	2	1037.51	518.755	207.5	207.5	881.88	440.94	176.38	155.63	Ipanema	Confirmada	HMNYC92PMA
129	Super Apê com Jacuzzi Ipanema	Airbnb	Espaço Inteiro	Grande	1	2023-09-04	2023-09-05	2023-09-09	4	4	0	0	4	2786.04	696.51	696.51	696.51	2368.13	592.03	592.03	417.91	Ipanema	Confirmada	HMKZ4YJFEC
130	Charmoso Apartamento no Leblon!	Airbnb	Espaço Inteiro	Pequeno	4	2023-08-29	2023-09-02	2023-09-08	6	1	0	0	1	1840.26	1840.26	306.71	306.71	1564.22	1564.22	260.7	276.04	Leblon	Confirmada	HM5BK9HPAT
131	Apê Amplo em Ipanema 300 m da Praia	Airbnb	Espaço Inteiro	Grande	7	2023-08-26	2023-09-02	2023-09-06	4	6	0	0	6	2327.66	387.9433333333333	581.92	581.92	1978.51	329.75	494.63	349.15	Ipanema	Confirmada	HMM3JBNJMN
132	Apê Amplo Ipanema 300 m da Praia	Airbnb	Espaço Inteiro	Grande	5	2023-08-27	2023-09-01	2023-09-04	3	5	2	0	7	1515.96	216.56571428571428	505.32	505.32	1288.57	184.08	429.52	227.39	Ipanema	Confirmada	HMKPZWEQ3T
133	Studio Praia Ipanema	Airbnb	Espaço Inteiro	Pequeno	1	2023-08-30	2023-08-31	2023-09-03	3	3	0	0	3	786.76	262.25333333333333	262.25	262.25	668.75	222.92	222.92	118.01	Ipanema	Confirmada	HMKEMA2DWJ
135	Ipanema Studio 300 m da praia	Airbnb	Espaço Inteiro	Pequeno	5	2023-08-24	2023-08-29	2023-09-05	7	1	0	0	1	1470.67	1470.67	210.1	210.1	1250.07	1250.07	178.58	220.6	Ipanema	Confirmada	HMNFPDBNZA
136	Super Apê com Jacuzzi Ipanema	Airbnb	Espaço Inteiro	Grande	7	2023-08-22	2023-08-29	2023-09-02	4	2	0	0	2	1949.47	974.735	487.37	487.37	1657.05	828.52	414.26	292.42	Ipanema	Confirmada	HM9TQPWQ9R
137	Apê Amplo em Ipanema 300 m da Praia	Airbnb	Espaço Inteiro	Grande	8	2023-08-21	2023-08-29	2023-09-01	3	2	3	0	5	1421.05	284.21	473.68	473.68	1207.89	241.58	402.63	213.16	Ipanema	Confirmada	HM5R9WFSNM
138	Stúdio Praia Leblon	Airbnb	Espaço Inteiro	Pequeno	3	2023-08-25	2023-08-28	2023-09-03	6	1	0	0	1	1854.15	1854.15	309.03	309.03	1576.03	1576.03	262.67	278.12	Leblon	Confirmada	HM3JFM4WTN
139	Apartamento Leblon Vista Mar!	Airbnb	Espaço Inteiro	Pequeno	1	2023-08-27	2023-08-28	2023-08-31	3	2	0	0	2	1017.04	508.52	339.01	339.01	864.48	432.24	288.16	152.56	Leblon	Confirmada	HMJSMWTM28
140	Super Apê com Jacuzzi Ipanema	Airbnb	Espaço Inteiro	Grande	4	2023-08-22	2023-08-26	2023-08-29	3	5	0	0	5	1497.86	299.572	499.29	499.29	1273.18	254.64	424.39	224.68	Ipanema	Confirmada	HMTTKHR5MJ
141	Charmoso Apartamento no Leblon!	Airbnb	Espaço Inteiro	Pequeno	0	2023-08-25	2023-08-25	2023-08-31	6	1	0	0	1	1618.42	1618.42	269.74	269.74	1375.66	1375.66	229.28	242.76	Leblon	Confirmada	HM3PBWMMKW
142	Ipanema Studio 300 m da praia	Airbnb	Espaço Inteiro	Pequeno	18	2023-08-07	2023-08-25	2023-08-29	4	2	0	0	2	1044.34	522.17	261.08	261.08	887.69	443.84	221.92	156.65	Ipanema	Confirmada	HMSQ83SKER
143	Apartamento Leblon Vista Mar!	Airbnb	Espaço Inteiro	Pequeno	5	2023-08-20	2023-08-25	2023-08-28	3	2	0	0	2	1209.59	604.795	403.2	403.2	1028.15	514.08	342.72	181.44	Leblon	Confirmada	HMFZDQ5ENY
144	Apê Amplo Ipanema 300 m da Praia	Airbnb	Espaço Inteiro	Grande	23	2023-08-02	2023-08-25	2023-08-28	3	6	0	0	6	2394.26	399.04333333333335	798.09	798.09	2035.12	339.19	678.37	359.14	Ipanema	Confirmada	HMN2D93NTA
145	Studio Praia Ipanema	Airbnb	Espaço Inteiro	Pequeno	3	2023-08-21	2023-08-24	2023-08-29	5	4	0	1	5	1193.67	238.734	238.73	238.73	1014.62	202.92	202.92	179.05	Ipanema	Confirmada	HM5J3RBYF2
146	Super Apê com Jacuzzi Ipanema	Airbnb	Espaço Inteiro	Grande	2	2023-08-21	2023-08-23	2023-08-26	3	6	0	0	6	1497.85	249.64166666666665	499.28	499.28	1273.17	212.2	424.39	224.68	Ipanema	Confirmada	HMJP5XHSJT
147	Stúdio Praia Leblon	Airbnb	Espaço Inteiro	Pequeno	1	2023-08-21	2023-08-22	2023-08-27	5	2	0	0	2	1344.87	672.435	268.97	268.97	1143.14	571.57	228.63	201.73	Leblon	Confirmada	HM3Q54DDPX
148	Apê Amplo em Ipanema 300 m da Praia	Airbnb	Espaço Inteiro	Grande	1	2023-08-21	2023-08-22	2023-08-27	5	7	1	0	8	2162.0	270.25	432.4	432.4	1837.7	229.71	367.54	324.3	Ipanema	Confirmada	HMZ5AKMYMA
149	Apê Amplo Ipanema 300 m da Praia	Airbnb	Espaço Inteiro	Grande	0	2023-08-21	2023-08-21	2023-08-25	4	8	0	0	8	1709.42	213.6775	427.36	427.36	1453.01	181.63	363.25	256.41	Ipanema	Confirmada	HMK2XC2WNJ
150	Ipanema Studio 300 m da praia	Airbnb	Espaço Inteiro	Pequeno	11	2023-08-09	2023-08-20	2023-08-25	5	2	0	0	2	1094.24	547.12	218.85	218.85	930.1	465.05	186.02	164.14	Ipanema	Confirmada	HMP8QEJQ29
151	Studio Praia Ipanema	Airbnb	Espaço Inteiro	Pequeno	11	2023-08-07	2023-08-18	2023-08-21	3	2	0	0	2	971.39	485.695	323.8	323.8	825.68	412.84	275.23	145.71	Ipanema	Confirmada	HMPDDPXAZ5
152	Stúdio Praia Leblon	Airbnb	Espaço Inteiro	Pequeno	49	2023-06-30	2023-08-18	2023-08-20	2	2	0	0	2	820.88	410.44	410.44	410.44	697.75	348.88	348.88	123.13	Leblon	Confirmada	HMRRJQ2KF9
153	Apê Amplo em Ipanema 300 m da Praia	Airbnb	Espaço Inteiro	Grande	41	2023-07-07	2023-08-17	2023-08-21	4	4	0	0	4	2622.29	655.5725	655.57	655.57	2228.95	557.24	557.24	393.34	Ipanema	Confirmada	HM8KAWBR8R
154	Super Apê com Jacuzzi Ipanema	Airbnb	Espaço Inteiro	Grande	36	2023-07-12	2023-08-17	2023-08-20	3	5	0	0	5	1881.2	376.24	627.07	627.07	1599.02	319.8	533.01	282.18	Ipanema	Confirmada	HMF4NSSH23
155	Apê Amplo Ipanema 300 m da Praia	Airbnb	Espaço Inteiro	Grande	29	2023-07-17	2023-08-15	2023-08-19	4	6	0	0	6	2622.28	437.0466666666667	655.57	655.57	2228.94	371.49	557.24	393.34	Ipanema	Confirmada	HMNS9M8TKN
156	Ipanema Studio 300 m da praia	Airbnb	Espaço Inteiro	Pequeno	6	2023-08-08	2023-08-14	2023-08-19	5	1	0	0	1	1254.14	1254.14	250.83	250.83	1066.02	1066.02	213.2	188.12	Ipanema	Confirmada	HMRPBATWQ9
157	Stúdio Praia Leblon	Airbnb	Espaço Inteiro	Pequeno	1	2023-08-13	2023-08-14	2023-08-17	3	1	0	0	1	944.99	944.99	315.0	315.0	803.24	803.24	267.75	141.75	Leblon	Confirmada	HMD8BNBA99
159	Apartamento Leblon Vista Mar!	Airbnb	Espaço Inteiro	Pequeno	25	2023-07-18	2023-08-12	2023-08-20	8	2	0	0	2	3532.42	1766.21	441.55	441.55	3002.56	1501.28	375.32	529.86	Leblon	Confirmada	HM4E3MY2T4
160	Apartamento Leblon Vista Mar!	Airbnb	Espaço Inteiro	Pequeno	0	2023-12-09	2023-12-09	2023-12-14	5	2	0	0	2	1950.85	975.425	390.17	390.17	1658.22	829.11	331.64	292.63	Leblon	Confirmada	HMNAYHHN8Z
161	Apê Amplo Ipanema 300 m da Praia	Airbnb	Espaço Inteiro	Grande	55	2023-10-14	2023-12-08	2023-12-12	4	6	2	0	8	3281.41	410.17625	820.35	820.35	2789.2	348.65	697.3	492.21	Ipanema	Confirmada	HMHZSPSP5K
162	Stúdio Praia Leblon	Airbnb	Espaço Inteiro	Pequeno	57	2023-10-11	2023-12-07	2023-12-17	10	2	0	0	2	3865.53	1932.765	386.55	386.55	3285.7	1642.85	328.57	579.83	Leblon	Confirmada	HMKQFRP9SC
163	Super Apê com Jacuzzi Ipanema	Airbnb	Espaço Inteiro	Grande	15	2023-11-22	2023-12-07	2023-12-10	3	6	0	0	6	2087.94	347.99	695.98	695.98	1774.75	295.79	591.58	313.19	Ipanema	Confirmada	HMDZJWZA3P
164	Apê Amplo em Ipanema 300 m da Praia	Airbnb	Espaço Inteiro	Grande	87	2023-09-10	2023-12-06	2023-12-10	4	8	0	0	8	2849.19	356.14875	712.3	712.3	2421.81	302.73	605.45	427.38	Ipanema	Confirmada	HMNAZDZTQN
165	Apartamento Leblon Vista Mar!	Airbnb	Espaço Inteiro	Pequeno	1	2023-12-04	2023-12-05	2023-12-09	4	1	0	0	1	1296.13	1296.13	324.03	324.03	1101.71	1101.71	275.43	194.42	Leblon	Confirmada	HM3MJHYSA9
167	Apê Amplo Ipanema 300 m da Praia	Airbnb	Espaço Inteiro	Grande	46	2023-10-16	2023-12-01	2023-12-04	3	8	0	0	8	2535.66	316.9575	845.22	845.22	2155.31	269.41	718.44	380.35	Ipanema	Confirmada	HMJRDCRA5H
168	Apê Amplo em Ipanema 300 m da Praia	Airbnb	Espaço Inteiro	Grande	59	2023-10-03	2023-12-01	2023-12-04	3	8	0	0	8	1774.6	221.825	591.53	591.53	1508.41	188.55	502.8	266.19	Ipanema	Confirmada	HMWX8Y3ZX5
169	Stúdio Praia Leblon	Airbnb	Espaço Inteiro	Pequeno	43	2023-10-18	2023-11-30	2023-12-04	4	2	0	0	2	1711.89	855.945	427.97	427.97	1455.11	727.56	363.78	256.78	Leblon	Confirmada	HM329XWCDC
170	Studio Praia Ipanema	Airbnb	Espaço Inteiro	Pequeno	1	2023-11-29	2023-11-30	2023-12-03	3	4	0	0	4	930.47	232.6175	310.16	310.16	790.9	197.72	263.63	139.57	Ipanema	Confirmada	HMF25P55Y2
171	Ipanema Studio 300 m da praia	Airbnb	Espaço Inteiro	Pequeno	0	2023-11-29	2023-11-29	2023-12-02	3	2	0	0	2	788.55	394.275	262.85	262.85	670.27	335.14	223.42	118.28	Ipanema	Confirmada	HMHFYEEMF5
172	Apê Amplo em Ipanema 300 m da Praia	Airbnb	Espaço Inteiro	Grande	47	2023-10-09	2023-11-25	2023-11-28	3	4	0	0	4	1789.52	447.38	596.51	596.51	1521.09	380.27	507.03	268.43	Ipanema	Confirmada	HME8F8N534
173	Apartamento Leblon Vista Mar!	Airbnb	Espaço Inteiro	Pequeno	0	2023-11-24	2023-11-24	2023-11-28	4	1	0	0	1	1600.81	1600.81	400.2	400.2	1360.69	1360.69	340.17	240.12	Leblon	Confirmada	HMKD8XM3FC
174	Apê Amplo Ipanema 300 m da Praia	Airbnb	Espaço Inteiro	Grande	2	2023-11-22	2023-11-24	2023-11-28	4	3	0	0	3	2392.75	797.5833333333334	598.19	598.19	2033.84	677.95	508.46	358.91	Ipanema	Confirmada	HMCETNEEA4
175	Ipanema Studio 300 m da praia	Airbnb	Espaço Inteiro	Pequeno	0	2023-11-22	2023-11-22	2023-11-26	4	1	0	0	1	1051.88	1051.88	262.97	262.97	894.1	894.1	223.52	157.78	Ipanema	Confirmada	HMCSRAH43Q
176	Super Apê com Jacuzzi Ipanema	Airbnb	Espaço Inteiro	Grande	2	2023-11-20	2023-11-22	2023-11-26	4	2	0	0	2	2260.02	1130.01	565.0	565.0	1921.02	960.51	480.26	339.0	Ipanema	Confirmada	HMCP4JCZR8
177	Studio Praia Ipanema	Airbnb	Espaço Inteiro	Pequeno	0	2023-11-21	2023-11-21	2023-11-26	5	2	1	0	3	1486.53	495.51	297.31	297.31	1263.55	421.18	252.71	222.98	Ipanema	Confirmada	HM8JH59NHR
179	Charmoso Apartamento no Leblon!	Airbnb	Espaço Inteiro	Pequeno	4	2023-11-16	2023-11-20	2023-11-24	4	1	0	0	1	1571.67	1571.67	392.92	392.92	1335.92	1335.92	333.98	235.75	Leblon	Confirmada	HMF2T3YW3D
180	Apê Amplo em Ipanema 300 m da Praia	Airbnb	Espaço Inteiro	Grande	73	2023-09-07	2023-11-19	2023-11-25	6	7	0	0	7	4038.32	576.9028571428572	673.05	673.05	3432.57	490.37	572.1	605.75	Ipanema	Confirmada	HM2JPWKAKW
181	Apê Amplo Ipanema 300 m da Praia	Airbnb	Espaço Inteiro	Grande	18	2023-11-01	2023-11-19	2023-11-24	5	6	2	0	8	2883.73	360.46625	576.75	576.75	2451.17	306.4	490.23	432.56	Ipanema	Confirmada	HMZ32D22XF
182	Super Apê com Jacuzzi Ipanema	Airbnb	Espaço Inteiro	Grande	42	2023-10-07	2023-11-18	2023-11-21	3	6	0	0	6	2684.78	447.46333333333337	894.93	894.93	2282.06	380.34	760.69	402.72	Ipanema	Confirmada	HMRP8QPSW8
183	Ipanema Amplo Vista Mar!	Airbnb	Espaço Inteiro	Grande	55	2023-09-23	2023-11-17	2023-11-21	4	6	0	0	6	3032.96	505.49333333333334	758.24	758.24	2578.02	429.67	644.5	454.94	Ipanema	Confirmada	HM4K5R48CH
184	Stúdio Praia Leblon	Airbnb	Espaço Inteiro	Pequeno	75	2023-09-02	2023-11-16	2023-11-29	13	1	0	0	1	5426.66	5426.66	417.44	417.44	4612.66	4612.66	354.82	814.0	Leblon	Confirmada	HMAZAQDXY4
185	Apartamento Leblon Vista Mar!	Airbnb	Espaço Inteiro	Pequeno	24	2023-10-23	2023-11-16	2023-11-21	5	2	0	0	2	3135.34	1567.67	627.07	627.07	2665.04	1332.52	533.01	470.3	Leblon	Confirmada	HMSND599YP
186	Apê Amplo Ipanema 300 m da Praia	Airbnb	Espaço Inteiro	Grande	63	2023-09-14	2023-11-16	2023-11-19	3	5	4	0	9	4438.32	493.14666666666665	1479.44	1479.44	3772.57	419.17	1257.52	665.75	Ipanema	Confirmada	HMCQ2SZPXF
187	Apê Amplo em Ipanema 300 m da Praia	Airbnb	Espaço Inteiro	Grande	88	2023-08-20	2023-11-16	2023-11-19	3	5	0	0	5	3240.82	648.164	1080.27	1080.27	2754.7	550.94	918.23	486.12	Ipanema	Confirmada	HMZDF8X3HD
188	Ipanema Studio 300 m da praia	Airbnb	Espaço Inteiro	Pequeno	82	2023-08-24	2023-11-14	2023-11-21	7	2	0	0	2	1964.14	982.07	280.59	280.59	1669.52	834.76	238.5	294.62	Ipanema	Confirmada	HMFBRJJZTK
189	Charmoso Apartamento no Leblon!	Airbnb	Espaço Inteiro	Pequeno	28	2023-10-17	2023-11-14	2023-11-20	6	1	0	0	1	3299.52	3299.52	549.92	549.92	2804.59	2804.59	467.43	494.93	Leblon	Confirmada	HMSWHR9AY8
190	Studio Praia Ipanema	Airbnb	Espaço Inteiro	Pequeno	85	2023-08-21	2023-11-14	2023-11-20	6	4	0	0	4	1831.95	457.9875	305.32	305.32	1557.16	389.29	259.53	274.79	Ipanema	Confirmada	HMFSYSYT4J
192	Super Apê com Jacuzzi Ipanema	Airbnb	Espaço Inteiro	Grande	63	2023-09-12	2023-11-14	2023-11-18	4	4	2	0	6	2905.6	484.26666666666665	726.4	726.4	2469.76	411.63	617.44	435.84	Ipanema	Confirmada	HMBE3KPWPF
194	Apê Amplo Ipanema 300 m da Praia	Airbnb	Espaço Inteiro	Grande	30	2023-10-13	2023-11-12	2023-11-16	4	7	0	0	7	1889.35	269.90714285714284	472.34	472.34	1605.95	229.42	401.49	283.4	Ipanema	Confirmada	HM3ME4SERC
195	Stúdio Praia Leblon	Airbnb	Espaço Inteiro	Pequeno	7	2023-11-05	2023-11-12	2023-11-15	3	1	0	0	1	1365.79	1365.79	455.26	455.26	1160.92	1160.92	386.97	204.87	Leblon	Confirmada	HMBK8WYAT4
197	Charmoso Apartamento no Leblon!	Airbnb	Espaço Inteiro	Pequeno	3	2023-11-07	2023-11-10	2023-11-13	3	1	0	0	1	1228.49	1228.49	409.5	409.5	1044.22	1044.22	348.07	184.27	Leblon	Confirmada	HM4YHCSX8B
198	Ipanema Amplo Vista Mar!	Airbnb	Espaço Inteiro	Grande	45	2023-09-25	2023-11-09	2023-11-14	5	7	0	0	7	3480.55	497.2214285714286	696.11	696.11	2958.47	422.64	591.69	522.08	Ipanema	Confirmada	HMT8KFZFWZ
199	Ipanema Studio 300 m da praia	Airbnb	Espaço Inteiro	Pequeno	73	2023-08-28	2023-11-09	2023-11-12	3	2	0	0	2	859.29	429.645	286.43	286.43	730.4	365.2	243.47	128.89	Ipanema	Confirmada	HMPWZS4NAH
200	Apê Amplo Ipanema 300 m da Praia	Airbnb	Espaço Inteiro	Grande	1	2024-01-17	2024-01-18	2024-01-23	5	6	0	0	6	3021.91	503.65166666666664	604.38	604.38	2568.62	428.1	513.72	453.29	Ipanema	Confirmada	HMME5HXTWW
201	Charmoso Apartamento no Leblon!	Airbnb	Espaço Inteiro	Pequeno	23	2023-12-26	2024-01-18	2024-01-21	3	1	0	0	1	1264.31	1264.31	421.44	421.44	1074.66	1074.66	358.22	189.65	Leblon	Confirmada	HM8W485BZJ
202	Studio Praia Ipanema	Airbnb	Espaço Inteiro	Pequeno	88	2023-10-21	2024-01-17	2024-01-21	4	3	0	0	3	1503.69	501.23	375.92	375.92	1278.14	426.05	319.54	225.55	Ipanema	Confirmada	HMMYNCNHDD
203	Stúdio Praia Leblon	Airbnb	Espaço Inteiro	Pequeno	34	2023-12-12	2024-01-15	2024-01-18	3	3	0	0	3	1377.53	459.1766666666667	459.18	459.18	1170.9	390.3	390.3	206.63	Leblon	Confirmada	HMQCE94QFK
204	Ipanema Amplo Vista Mar	Airbnb	Espaço Inteiro	Grande	28	2023-12-15	2024-01-12	2024-01-19	7	7	0	0	7	4150.05	592.8642857142858	592.86	592.86	3527.54	503.93	503.93	622.51	Ipanema	Confirmada	HMHSATABWX
206	Apê Amplo Ipanema 300 m da Praia	Airbnb	Espaço Inteiro	Grande	19	2023-12-23	2024-01-11	2024-01-16	5	5	2	0	7	4302.2	614.6	860.44	860.44	3656.87	522.41	731.37	645.33	Ipanema	Confirmada	HMKBCNEYS4
207	Super Apê com Jacuzzi Ipanema	Airbnb	Espaço Inteiro	Grande	29	2023-12-12	2024-01-10	2024-01-17	7	6	0	0	6	5468.04	911.34	781.15	781.15	4647.83	774.64	663.98	820.21	Ipanema	Confirmada	HMEZSNT2KK
208	Stúdio Praia Leblon	Airbnb	Espaço Inteiro	Pequeno	26	2023-12-15	2024-01-10	2024-01-14	4	2	0	0	2	1802.45	901.225	450.61	450.61	1532.08	766.04	383.02	270.37	Leblon	Confirmada	HM9SHJ5D3D
209	Charmoso Apartamento no Leblon!	Airbnb	Espaço Inteiro	Pequeno	11	2023-12-28	2024-01-08	2024-01-18	10	1	0	0	1	3643.61	3643.61	364.36	364.36	3097.07	3097.07	309.71	546.54	Leblon	Confirmada	HMQ4K9NR92
210	Apartamento Leblon Vista Mar!	Airbnb	Espaço Inteiro	Pequeno	3	2024-01-04	2024-01-07	2024-01-13	6	1	0	0	1	2307.78	2307.78	384.63	384.63	1961.61	1961.61	326.94	346.17	Leblon	Confirmada	HMN4QXWABX
211	Apê Amplo Ipanema 300 m da Praia	Airbnb	Espaço Inteiro	Grande	0	2024-01-07	2024-01-07	2024-01-11	4	3	0	0	3	2338.92	779.64	584.73	584.73	1988.08	662.69	497.02	350.84	Ipanema	Confirmada	HMHND9WQRX
212	Stúdio Praia Leblon	Airbnb	Espaço Inteiro	Pequeno	11	2023-12-27	2024-01-07	2024-01-10	3	2	0	0	2	1401.56	700.78	467.19	467.19	1191.33	595.66	397.11	210.23	Leblon	Confirmada	HMDXF9BPPQ
213	Ipanema Studio 300 m da praia	Airbnb	Espaço Inteiro	Pequeno	11	2023-12-26	2024-01-06	2024-01-13	7	2	0	0	2	2308.78	1154.39	329.83	329.83	1962.46	981.23	280.35	346.32	Ipanema	Confirmada	HMCTZ5Q25S
214	Ipanema Amplo Vista Mar!	Airbnb	Espaço Inteiro	Grande	64	2023-11-01	2024-01-04	2024-01-08	4	10	0	0	10	4375.26	437.526	1093.82	1093.82	3718.97	371.9	929.74	656.29	Ipanema	Confirmada	HMWEYYWWXR
216	Stúdio Praia Leblon	Airbnb	Espaço Inteiro	Pequeno	25	2023-12-10	2024-01-04	2024-01-07	3	2	0	0	2	1401.58	700.79	467.19	467.19	1191.34	595.67	397.11	210.24	Leblon	Confirmada	HMKXJTWMMR
217	Super Apê com Jacuzzi Ipanema	Airbnb	Espaço Inteiro	Grande	19	2023-12-15	2024-01-03	2024-01-08	5	5	1	0	6	4202.73	700.4549999999999	840.55	840.55	3572.32	595.39	714.46	630.41	Ipanema	Confirmada	HMWYYNTKKF
218	Apartamento Leblon Vista Mar!	Airbnb	Espaço Inteiro	Pequeno	16	2023-12-18	2024-01-03	2024-01-07	4	2	0	0	2	1987.48	993.74	496.87	496.87	1689.36	844.68	422.34	298.12	Leblon	Confirmada	HMQR8ZET28
219	Apê Amplo Ipanema 300 m da Praia	Airbnb	Espaço Inteiro	Grande	20	2023-12-14	2024-01-03	2024-01-07	4	6	1	0	7	3959.02	565.5742857142857	989.76	989.76	3365.17	480.74	841.29	593.85	Ipanema	Confirmada	HMA22MQ3S8
221	Charmoso Apartamento no Leblon!	Airbnb	Espaço Inteiro	Pequeno	13	2023-12-20	2024-01-02	2024-01-06	4	1	0	0	1	1619.42	1619.42	404.86	404.86	1376.51	1376.51	344.13	242.91	Leblon	Confirmada	HMTM5QXWBW
222	Ipanema Studio 300 m da praia	Airbnb	Espaço Inteiro	Pequeno	19	2023-12-12	2023-12-31	2024-01-06	6	2	0	0	2	4549.89	2274.945	758.32	758.32	3867.41	1933.7	644.57	682.48	Ipanema	Confirmada	HM3MNPK2EP
223	Praia Stúdio Ipanema	Airbnb	Espaço Inteiro	Pequeno	1	2023-12-29	2023-12-30	2024-01-02	3	4	0	0	4	2451.25	612.8125	817.08	817.08	2083.56	520.89	694.52	367.69	Ipanema	Confirmada	HMYASKAR8D
224	Ipanema Amplo Vista Mar	Airbnb	Espaço Inteiro	Grande	1	2023-12-29	2023-12-30	2024-01-02	3	8	0	0	8	4332.47	541.55875	1444.16	1444.16	3682.6	460.32	1227.53	649.87	Ipanema	Confirmada	HMHNEKTTP3
225	Super Apê com Jacuzzi Ipanema	Airbnb	Espaço Inteiro	Grande	8	2023-12-21	2023-12-29	2024-01-02	4	4	0	0	4	7062.56	1765.64	1765.64	1765.64	6003.18	1500.8	1500.8	1059.38	Ipanema	Confirmada	HMH3BAQSPC
226	Apê Amplo em Ipanema 300 m da Praia	Airbnb	Espaço Inteiro	Grande	7	2023-12-21	2023-12-28	2024-01-02	5	7	0	0	7	7619.62	1088.5171428571427	1523.92	1523.92	6476.68	925.24	1295.34	1142.94	Ipanema	Confirmada	HMCWB8YFW2
227	Charmoso Apartamento no Leblon!	Airbnb	Espaço Inteiro	Pequeno	2	2023-12-26	2023-12-28	2024-01-01	4	2	0	0	2	4380.79	2190.395	1095.2	1095.2	3723.67	1861.84	930.92	657.12	Leblon	Confirmada	HMMJ2KWYWM
228	Apê Amplo Ipanema 300 m da Praia	Airbnb	Espaço Inteiro	Grande	82	2023-10-06	2023-12-27	2024-01-02	6	6	0	0	6	16045.38	2674.23	2674.23	2674.23	13638.57	2273.09	2273.09	2406.81	Ipanema	Confirmada	HMCNTB3PZP
229	Stúdio Praia Leblon	Airbnb	Espaço Inteiro	Pequeno	1	2023-12-26	2023-12-27	2023-12-31	4	2	0	0	2	3280.56	1640.28	820.14	820.14	2788.48	1394.24	697.12	492.08	Leblon	Confirmada	HMYW8WQZJW
230	Apartamento Leblon Vista Mar!	Airbnb	Espaço Inteiro	Pequeno	5	2023-12-21	2023-12-26	2024-01-02	7	2	0	0	2	5412.32	2706.16	773.19	773.19	4600.47	2300.24	657.21	811.85	Leblon	Confirmada	HMYTRETAKP
232	Ipanema Studio 300 m da praia	Airbnb	Espaço Inteiro	Pequeno	1	2023-12-23	2023-12-24	2023-12-29	5	2	0	0	2	1204.45	602.225	240.89	240.89	1023.78	511.89	204.76	180.67	Ipanema	Confirmada	HMS2MFSBZH
233	Super Apê com Jacuzzi Ipanema	Airbnb	Espaço Inteiro	Grande	0	2023-12-21	2023-12-21	2023-12-29	8	3	0	0	3	2833.91	944.6366666666667	354.24	354.24	2408.82	802.94	301.1	425.09	Ipanema	Confirmada	HMYW4QPSXD
234	Apê Amplo Ipanema 300 m da Praia	Airbnb	Espaço Inteiro	Grande	30	2023-11-19	2023-12-19	2023-12-23	4	8	0	0	8	3775.13	471.89125	943.78	943.78	3208.86	401.11	802.22	566.27	Ipanema	Confirmada	HM4Y4KYT5F
235	Super Apê com Jacuzzi Ipanema	Airbnb	Espaço Inteiro	Grande	9	2023-12-06	2023-12-15	2023-12-19	4	6	0	0	6	2144.64	357.44	536.16	536.16	1822.94	303.82	455.74	321.7	Ipanema	Confirmada	HMQPQJFYMN
237	Studio Praia Ipanema	Airbnb	Espaço Inteiro	Pequeno	0	2023-12-14	2023-12-14	2023-12-20	6	3	0	0	3	1477.41	492.47	246.24	246.24	1255.8	418.6	209.3	221.61	Ipanema	Confirmada	HMRBTKQXS8
238	Charmoso Apartamento no Leblon!	Airbnb	Espaço Inteiro	Pequeno	-1	2023-12-14	2023-12-13	2023-12-18	5	1	0	0	1	1619.89	1619.89	323.98	323.98	1376.91	1376.91	275.38	242.98	Leblon	Confirmada	HMWQJ8S423
239	Super Apê com Jacuzzi Ipanema	Airbnb	Espaço Inteiro	Grande	0	2023-12-12	2023-12-12	2023-12-15	3	3	2	0	5	1385.53	277.106	461.84	461.84	1177.7	235.54	392.57	207.83	Ipanema	Confirmada	HM3XEB3MPY
241	Stúdio Praia Leblon	Airbnb	Espaço Inteiro	Pequeno	48	2024-01-06	2024-02-23	2024-02-28	5	2	0	0	2	2553.19	1276.595	510.64	510.64	2170.21	1085.1	434.04	382.98	Leblon	Confirmada	HM3H4NAW9F
242	Super Apê com Jacuzzi Ipanema	Airbnb	Espaço Inteiro	Grande	42	2024-01-12	2024-02-23	2024-02-26	3	5	1	0	6	2386.35	397.72499999999997	795.45	795.45	2028.4	338.07	676.13	357.95	Ipanema	Confirmada	HMTRB58DK2
243	Apartamento Leblon Vista Mar!	Airbnb	Espaço Inteiro	Pequeno	41	2024-01-09	2024-02-19	2024-02-25	6	2	0	0	2	2401.12	1200.56	400.19	400.19	2040.95	1020.48	340.16	360.17	Leblon	Confirmada	HMJB4E9ANW
245	Charmoso Apartamento no Leblon!	Airbnb	Espaço Inteiro	Pequeno	50	2023-12-27	2024-02-15	2024-02-20	5	1	0	0	1	2163.56	2163.56	432.71	432.71	1839.03	1839.03	367.81	324.53	Leblon	Confirmada	HMJ5RJYMDF
246	Ipanema Studio 300 m da praia	Airbnb	Espaço Inteiro	Pequeno	30	2024-01-15	2024-02-14	2024-02-18	4	2	0	0	2	1434.64	717.32	358.66	358.66	1219.44	609.72	304.86	215.2	Ipanema	Confirmada	HMEEFBR89T
248	Apartamento Leblon Vista Mar!	Airbnb	Espaço Inteiro	Pequeno	48	2023-12-28	2024-02-14	2024-02-18	4	1	0	0	1	1683.65	1683.65	420.91	420.91	1431.1	1431.1	357.78	252.55	Leblon	Confirmada	HM2FDYH5BF
249	Apê Amplo Ipanema 300 m da Praia	Airbnb	Espaço Inteiro	Grande	28	2024-01-17	2024-02-14	2024-02-17	3	4	0	0	4	2856.6	714.15	952.2	952.2	2428.11	607.03	809.37	428.49	Ipanema	Confirmada	HM3HYJNYCE
250	Super Apê com Jacuzzi Ipanema	Airbnb	Espaço Inteiro	Grande	40	2024-01-04	2024-02-13	2024-02-19	6	4	2	0	6	5804.25	967.375	967.38	967.38	4933.61	822.27	822.27	870.64	Ipanema	Confirmada	HM4PSE5ZPC
251	Super Apê com Jacuzzi Ipanema	Airbnb	Espaço Inteiro	Grande	29	2024-01-13	2024-02-11	2024-02-13	2	4	0	0	4	3596.44	899.11	1798.22	1798.22	3056.97	764.24	1528.48	539.47	Ipanema	Confirmada	HMFFREH8NT
254	Praia Stúdio Ipanema	Airbnb	Espaço Inteiro	Pequeno	26	2024-01-14	2024-02-09	2024-02-14	5	2	0	0	2	5928.64	2964.32	1185.73	1185.73	5039.34	2519.67	1007.87	889.3	Ipanema	Confirmada	HM3RWWKNQR
256	Apê Amplo Ipanema 300 m da Praia	Airbnb	Espaço Inteiro	Grande	83	2023-11-18	2024-02-09	2024-02-14	5	8	0	0	8	18052.35	2256.54375	3610.47	3610.47	15344.5	1918.06	3068.9	2707.85	Ipanema	Confirmada	HMA24HMHFX
258	Stúdio Praia Leblon	Airbnb	Espaço Inteiro	Pequeno	35	2024-01-04	2024-02-08	2024-02-11	3	4	0	0	4	4022.24	1005.56	1340.75	1340.75	3418.9	854.72	1139.63	603.34	Leblon	Confirmada	HMKTAYRQ93
259	Super Apê com Jacuzzi Ipanema	Airbnb	Espaço Inteiro	Grande	34	2024-01-02	2024-02-05	2024-02-11	6	3	0	0	3	9842.04	3280.6800000000003	1640.34	1640.34	8365.73	2788.58	1394.29	1476.31	Ipanema	Confirmada	HMWB3BT5H4
260	Charmoso Apartamento no Leblon!	Airbnb	Espaço Inteiro	Pequeno	36	2023-12-29	2024-02-03	2024-02-09	6	1	0	0	1	2421.58	2421.58	403.6	403.6	2058.34	2058.34	343.06	363.24	Leblon	Confirmada	HMDK93WFH5
261	Studio Praia Ipanema	Airbnb	Espaço Inteiro	Pequeno	31	2024-01-03	2024-02-03	2024-02-07	4	2	0	0	2	896.53	448.265	224.13	224.13	762.05	381.02	190.51	134.48	Ipanema	Confirmada	HM4DJ4W2S3
262	Apartamento Leblon Vista Mar!	Airbnb	Espaço Inteiro	Pequeno	39	2023-12-23	2024-01-31	2024-02-09	9	2	0	0	2	3708.32	1854.16	412.04	412.04	3152.07	1576.04	350.23	556.25	Leblon	Confirmada	HMEEZZQSTM
263	Charmoso Apartamento no Leblon!	Airbnb	Espaço Inteiro	Pequeno	30	2024-01-01	2024-01-31	2024-02-03	3	1	0	0	1	1295.42	1295.42	431.81	431.81	1101.11	1101.11	367.04	194.31	Leblon	Confirmada	HMNW52DWN3
264	Apê Amplo Ipanema 300 m da Praia	Airbnb	Espaço Inteiro	Grande	11	2024-01-18	2024-01-29	2024-02-07	9	4	3	0	7	6794.04	970.5771428571428	754.89	754.89	5774.93	824.99	641.66	1019.11	Ipanema	Confirmada	HMFHKQMHZ3
265	Studio Praia Ipanema	Airbnb	Espaço Inteiro	Pequeno	26	2024-01-03	2024-01-29	2024-02-02	4	2	0	0	2	911.16	455.58	227.79	227.79	774.49	387.24	193.62	136.67	Ipanema	Confirmada	HMDDSXJJ5F
266	Super Apê com Jacuzzi Ipanema	Airbnb	Espaço Inteiro	Grande	19	2024-01-06	2024-01-25	2024-02-01	7	6	0	0	6	4769.45	794.9083333333333	681.35	681.35	4054.03	675.67	579.15	715.42	Ipanema	Confirmada	HMKX38PFS4
267	Stúdio Praia Leblon	Airbnb	Espaço Inteiro	Pequeno	44	2023-12-12	2024-01-25	2024-01-30	5	4	0	0	4	2163.54	540.885	432.71	432.71	1839.01	459.75	367.8	324.53	Leblon	Confirmada	HMPDX8R2DE
270	Studio Praia Ipanema	Airbnb	Espaço Inteiro	Pequeno	3	2024-01-21	2024-01-24	2024-01-29	5	2	0	0	2	1414.51	707.255	282.9	282.9	1202.33	601.16	240.47	212.18	Ipanema	Confirmada	HMKW5BXYXW
273	Apê Amplo Ipanema 300 m da Praia	Airbnb	Espaço Inteiro	Grande	29	2023-12-25	2024-01-23	2024-01-26	3	6	1	0	7	2668.66	381.2371428571428	889.55	889.55	2268.36	324.05	756.12	400.3	Ipanema	Confirmada	HME4DBRE28
274	Stúdio Praia Leblon	Airbnb	Espaço Inteiro	Pequeno	2	2024-01-20	2024-01-22	2024-01-25	3	1	0	0	1	1297.11	1297.11	432.37	432.37	1102.54	1102.54	367.51	194.57	Leblon	Confirmada	HMJ9HM5F9A
275	Charmoso Apartamento no Leblon!	Airbnb	Espaço Inteiro	Pequeno	0	2024-01-21	2024-01-21	2024-01-26	5	1	0	0	1	1960.35	1960.35	392.07	392.07	1666.3	1666.3	333.26	294.05	Leblon	Confirmada	HM3P4EWBSB
276	Studio Praia Ipanema	Airbnb	Espaço Inteiro	Pequeno	4	2024-01-17	2024-01-21	2024-01-24	3	3	0	0	3	865.41	288.46999999999997	288.47	288.47	735.6	245.2	245.2	129.81	Ipanema	Confirmada	HMXSKR2T98
277	Apartamento Leblon Vista Mar!	Airbnb	Espaço Inteiro	Pequeno	15	2024-01-05	2024-01-20	2024-01-30	10	2	0	0	2	3839.66	1919.83	383.97	383.97	3263.71	1631.86	326.37	575.95	Leblon	Confirmada	HMFS9QWWXF
279	Stúdio Praia Leblon	Airbnb	Espaço Inteiro	Pequeno	15	2024-01-04	2024-01-19	2024-01-22	3	2	0	0	2	1297.13	648.565	432.38	432.38	1102.56	551.28	367.52	194.57	Leblon	Confirmada	HMN2KDXMN9
280	Ipanema Amplo Vista Mar!	Airbnb	Espaço Inteiro	Grande	19	2023-09-23	2023-10-12	2023-10-15	3	6	0	0	6	1642.29	273.715	547.43	547.43	1395.95	232.66	465.32	246.34	Ipanema	Confirmada	HMFJRHWNQ8
281	Studio Praia Ipanema	Airbnb	Espaço Inteiro	Pequeno	23	2023-09-19	2023-10-12	2023-10-15	3	4	0	0	4	1244.41	311.1025	414.8	414.8	1057.75	264.44	352.58	186.66	Ipanema	Confirmada	HM442MFTSR
282	Ipanema Studio 300 m da praia	Airbnb	Espaço Inteiro	Pequeno	30	2023-09-12	2023-10-12	2023-10-15	3	2	0	0	2	1044.47	522.235	348.16	348.16	887.8	443.9	295.93	156.67	Ipanema	Confirmada	HMEQN4R5FP
283	Super Apê com Jacuzzi Ipanema	Airbnb	Espaço Inteiro	Grande	30	2023-09-12	2023-10-12	2023-10-15	3	6	0	0	6	1988.46	331.41	662.82	662.82	1690.19	281.7	563.4	298.27	Ipanema	Confirmada	HMPRS4KKHD
284	Apê Amplo em Ipanema 300 m da Praia	Airbnb	Espaço Inteiro	Grande	51	2023-08-22	2023-10-12	2023-10-15	3	8	0	0	8	2983.12	372.89	994.37	994.37	2535.65	316.96	845.22	447.47	Ipanema	Confirmada	HM9XW3ATYH
286	Stúdio Praia Leblon	Airbnb	Espaço Inteiro	Pequeno	24	2023-09-16	2023-10-10	2023-10-16	6	2	0	0	2	2858.85	1429.425	476.48	476.48	2430.02	1215.01	405.0	428.83	Leblon	Confirmada	HMRAR9APJK
287	Apê Amplo Ipanema 300 m da Praia	Airbnb	Espaço Inteiro	Grande	13	2023-09-27	2023-10-10	2023-10-13	3	5	0	0	5	1515.96	303.192	505.32	505.32	1288.57	257.71	429.52	227.39	Ipanema	Confirmada	HMYN5PJSXW
288	Ipanema Studio 300 m da praia	Airbnb	Espaço Inteiro	Pequeno	11	2023-09-27	2023-10-08	2023-10-12	4	2	0	0	2	1132.0	566.0	283.0	283.0	962.2	481.1	240.55	169.8	Ipanema	Confirmada	HMZ3JDWCFD
290	Super Apê com Jacuzzi Ipanema	Airbnb	Espaço Inteiro	Grande	78	2023-07-21	2023-10-07	2023-10-10	3	5	0	0	5	2166.24	433.24799999999993	722.08	722.08	1841.3	368.26	613.77	324.94	Ipanema	Confirmada	HMQMTQ9AW8
291	Apê Amplo Ipanema 300 m da Praia	Airbnb	Espaço Inteiro	Grande	50	2023-08-17	2023-10-06	2023-10-10	4	7	0	0	7	3281.41	468.7728571428571	820.35	820.35	2789.2	398.46	697.3	492.21	Ipanema	Confirmada	HM3YYMAFMA
292	Studio Praia Ipanema	Airbnb	Espaço Inteiro	Pequeno	9	2023-09-27	2023-10-06	2023-10-09	3	4	0	0	4	969.86	242.465	323.29	323.29	824.38	206.1	274.79	145.48	Ipanema	Confirmada	HMZQ28TJ2J
293	Charmoso Apartamento no Leblon!	Airbnb	Espaço Inteiro	Pequeno	24	2023-09-11	2023-10-05	2023-10-10	5	1	0	0	1	2279.95	2279.95	455.99	455.99	1937.96	1937.96	387.59	341.99	Leblon	Confirmada	HMQWKZBCDW
294	Apê Amplo em Ipanema 300 m da Praia	Airbnb	Espaço Inteiro	Grande	23	2023-09-11	2023-10-04	2023-10-08	4	8	0	0	8	3139.36	392.42	784.84	784.84	2668.46	333.56	667.12	470.9	Ipanema	Confirmada	HMN39J8TF3
296	Stúdio Praia Leblon	Airbnb	Espaço Inteiro	Pequeno	1	2023-10-02	2023-10-03	2023-10-08	5	1	0	0	1	1714.81	1714.81	342.96	342.96	1457.59	1457.59	291.52	257.22	Leblon	Confirmada	HM9YHPDTX8
297	Apê Amplo Ipanema 300 m da Praia	Airbnb	Espaço Inteiro	Grande	17	2023-09-13	2023-09-30	2023-10-05	5	8	0	2	10	3176.18	317.618	635.24	635.24	2699.75	269.98	539.95	476.43	Ipanema	Confirmada	HMNQPARRQD
298	Super Apê com Jacuzzi Ipanema	Airbnb	Espaço Inteiro	Grande	4	2023-09-25	2023-09-29	2023-10-02	3	6	0	0	6	1354.82	225.8033333333333	451.61	451.61	1151.6	191.93	383.87	203.22	Ipanema	Confirmada	HM3P2Z5TXA
300	Studio Praia Ipanema	Airbnb	Espaço Inteiro	Pequeno	0	2023-09-28	2023-09-28	2023-10-02	4	3	0	0	3	1013.86	337.9533333333333	253.46	253.46	861.78	287.26	215.44	152.08	Ipanema	Confirmada	HMPT29KBSM
301	Apê Amplo em Ipanema 300 m da Praia	Airbnb	Espaço Inteiro	Grande	38	2023-08-21	2023-09-28	2023-10-02	4	8	0	0	8	2535.67	316.95875	633.92	633.92	2155.32	269.42	538.83	380.35	Ipanema	Confirmada	HMZQ45QQT2
302	Stúdio Praia Leblon	Airbnb	Espaço Inteiro	Pequeno	19	2023-09-09	2023-09-28	2023-10-01	3	2	0	0	2	1264.31	632.155	421.44	421.44	1074.66	537.33	358.22	189.65	Leblon	Confirmada	HMR2WYRNRR
303	Charmoso Apartamento no Leblon!	Airbnb	Espaço Inteiro	Pequeno	4	2023-09-22	2023-09-26	2023-10-01	5	1	0	0	1	1566.69	1566.69	313.34	313.34	1331.69	1331.69	266.34	235.0	Leblon	Confirmada	HM2T38CMRN
304	Ipanema Studio 300 m da praia	Airbnb	Espaço Inteiro	Pequeno	17	2023-09-09	2023-09-26	2023-10-01	5	1	0	0	1	1243.41	1243.41	248.68	248.68	1056.9	1056.9	211.38	186.51	Ipanema	Confirmada	HMDNQXDF8R
305	Charmoso Apartamento no Leblon!	Airbnb	Espaço Inteiro	Pequeno	1	2023-09-21	2023-09-22	2023-09-26	4	1	0	0	1	1288.18	1288.18	322.04	322.04	1094.95	1094.95	273.74	193.23	Leblon	Confirmada	HMMZJFFJW5
306	Apê Amplo em Ipanema 300 m da Praia	Airbnb	Espaço Inteiro	Grande	31	2023-08-22	2023-09-22	2023-09-26	4	6	2	0	8	2485.82	310.7275	621.46	621.46	2112.95	264.12	528.24	372.87	Ipanema	Confirmada	HMECP2QP2D
308	Stúdio Praia Leblon	Airbnb	Espaço Inteiro	Pequeno	12	2023-09-10	2023-09-22	2023-09-25	3	2	0	0	2	1264.31	632.155	421.44	421.44	1074.66	537.33	358.22	189.65	Leblon	Confirmada	HMWRCQ4JDW
309	Studio Praia Ipanema	Airbnb	Espaço Inteiro	Pequeno	0	2023-09-21	2023-09-21	2023-09-28	7	3	0	0	3	1509.6	503.2	215.66	215.66	1283.16	427.72	183.31	226.44	Ipanema	Confirmada	HMMANQWKEJ
310	Ipanema Studio 300 m da praia	Airbnb	Espaço Inteiro	Pequeno	1	2023-09-20	2023-09-21	2023-09-24	3	2	0	0	2	783.76	391.88	261.25	261.25	666.2	333.1	222.07	117.56	Ipanema	Confirmada	HMFQNQA5ZX
311	Super Apê com Jacuzzi Ipanema	Airbnb	Espaço Inteiro	Grande	4	2023-09-17	2023-09-21	2023-09-24	3	5	0	0	5	1720.88	344.17600000000004	573.63	573.63	1462.75	292.55	487.58	258.13	Ipanema	Confirmada	HMYF9TSCW8
312	Apartamento Leblon Vista Mar!	Airbnb	Espaço Inteiro	Pequeno	0	2023-09-20	2023-09-20	2023-09-23	3	2	0	0	2	1264.51	632.255	421.5	421.5	1074.83	537.42	358.28	189.68	Leblon	Confirmada	HM3H9MY2HT
313	Apê Amplo Ipanema 300 m da Praia	Airbnb	Espaço Inteiro	Grande	0	2023-09-19	2023-09-19	2023-09-22	3	7	1	1	9	1470.29	163.36555555555555	490.1	490.1	1249.75	138.86	416.58	220.54	Ipanema	Confirmada	HM3YDB24MH
314	Stúdio Praia Leblon	Airbnb	Espaço Inteiro	Pequeno	3	2023-09-14	2023-09-17	2023-09-20	3	1	0	0	1	1112.11	1112.11	370.7	370.7	945.29	945.29	315.1	166.82	Leblon	Confirmada	HMKFWDNQ8Q
315	Ipanema Studio 300 m da praia	Airbnb	Espaço Inteiro	Pequeno	16	2023-08-30	2023-09-15	2023-09-21	6	1	0	0	1	1456.27	1456.27	242.71	242.71	1237.83	1237.83	206.3	218.44	Ipanema	Confirmada	HMBWCRZ95W
317	Apê Amplo Ipanema 300 m da Praia	Airbnb	Espaço Inteiro	Grande	18	2023-08-28	2023-09-15	2023-09-18	3	9	0	0	9	2569.39	285.48777777777775	856.46	856.46	2183.98	242.66	727.99	385.41	Ipanema	Confirmada	HMWRZ2BZ45
318	Stúdio Praia Leblon	Airbnb	Espaço Inteiro	Pequeno	4	2023-09-10	2023-09-14	2023-09-17	3	2	0	0	2	1264.31	632.155	421.44	421.44	1074.66	537.33	358.22	189.65	Leblon	Confirmada	HM2ZJXHPM4
319	Apartamento Leblon Vista Mar!	Airbnb	Espaço Inteiro	Pequeno	24	2023-08-19	2023-09-12	2023-09-19	7	2	0	0	2	2914.51	1457.255	416.36	416.36	2477.33	1238.66	353.9	437.18	Leblon	Confirmada	HM244NQX8M
320	Apê Ipanema à 600m da praia	Airbnb	Espaço Inteiro	Pequeno	1	2023-06-12	2023-06-13	2023-06-25	12	1	0	0	1	2654.2	2654.2	221.18	221.18	2256.07	2256.07	188.01	398.13	Ipanema	Confirmada	HM2EKHCXCN
321	Charmoso Apartamento no Leblon!	Airbnb	Espaço Inteiro	Pequeno	2	2023-06-11	2023-06-13	2023-06-15	2	1	0	0	1	684.07	684.07	342.04	342.04	581.46	581.46	290.73	102.61	Leblon	Confirmada	HMFEATX8SX
322	"Copanema linda kitnet
300 m da praia e Arpoador"	Airbnb	Espaço Inteiro	Pequeno	3	2023-06-09	2023-06-12	2023-06-14	2	2	0	0	2	319.24	159.62	159.62	159.62	271.35	135.68	135.68	47.89	Ipanema	Confirmada	HMSHANARJZ
323	Stúdio Praia Leblon	Airbnb	Espaço Inteiro	Pequeno	1	2023-06-11	2023-06-12	2023-06-13	1	2	0	0	2	421.85	210.925	421.85	421.85	358.57	179.28	358.57	63.28	Leblon	Confirmada	HMXNRD9DWT
324	Apê Ipanema à 600m da praia	Airbnb	Espaço Inteiro	Pequeno	1	2023-06-11	2023-06-12	2023-06-13	1	1	0	0	1	319.25	319.25	319.25	319.25	271.36	271.36	271.36	47.89	Ipanema	Confirmada	HMXNESNERQ
325	300 metros da praia em Ipanema.	Airbnb	Quarto	Quarto	1	2023-06-10	2023-06-11	2023-06-17	6	1	0	0	1	752.48	752.48	125.41	125.41	639.61	639.61	106.6	112.87	Ipanema	Confirmada	HMDZERBEYN
326	Ipanema à 300 m da Praia	Airbnb	Quarto	Quarto	8	2023-06-02	2023-06-10	2023-07-18	38	1	0	0	1	4410.86	4410.86	116.08	116.08	3749.23	3749.23	98.66	661.63	Ipanema	Confirmada	HMXP5XB2SP
327	Super Apê com Jacuzzi Ipanema	Airbnb	Espaço Inteiro	Grande	1	2023-06-08	2023-06-09	2023-06-12	3	2	0	0	2	1377.27	688.635	459.09	459.09	1170.68	585.34	390.23	206.59	Ipanema	Confirmada	HMHK94FXKF
330	Stúdio Praia Leblon	Airbnb	Espaço Inteiro	Pequeno	25	2023-05-14	2023-06-08	2023-06-12	4	2	0	0	2	2052.22	1026.11	513.05	513.05	1744.39	872.2	436.1	307.83	Leblon	Confirmada	HMK4JDMNBF
331	Apartamento Leblon Vista Mar!	Airbnb	Espaço Inteiro	Pequeno	53	2023-04-16	2023-06-08	2023-06-12	4	2	0	0	2	2086.42	1043.21	521.6	521.6	1773.46	886.73	443.36	312.96	Leblon	Confirmada	HM8SAYFACP
333	Ipanema à 200 m da praia	Airbnb	Quarto	Quarto	1	2023-06-07	2023-06-08	2023-06-11	3	1	0	0	1	718.28	718.28	239.43	239.43	610.54	610.54	203.51	107.74	Ipanema	Confirmada	HMQ4JPBWJT
334	Charmoso Apartamento no Leblon!	Airbnb	Espaço Inteiro	Pequeno	6	2023-06-02	2023-06-08	2023-06-11	3	2	0	0	2	1732.99	866.495	577.66	577.66	1473.04	736.52	491.01	259.95	Leblon	Confirmada	HM99KEN4NC
335	Apê Amplo Ipanema 300 m da Praia	Airbnb	Espaço Inteiro	Grande	20	2023-05-19	2023-06-08	2023-06-11	3	4	3	0	7	3762.4	537.4857142857143	1254.13	1254.13	3198.04	456.86	1066.01	564.36	Ipanema	Confirmada	HMTKDRZJSC
336	Apê Ipanema à 600m da praia	Airbnb	Espaço Inteiro	Pequeno	24	2023-05-15	2023-06-08	2023-06-11	3	2	0	0	2	1151.53	575.765	383.84	383.84	978.8	489.4	326.27	172.73	Ipanema	Confirmada	HMHCC54EKT
337	Casa Cercada pela Natureza em Visconde de Mauá	Airbnb	Espaço Inteiro	Grande	41	2023-04-28	2023-06-08	2023-06-11	3	5	0	0	5	1881.2	376.24	627.07	627.07	1599.02	319.8	533.01	282.18	Visconde de Mauá	Confirmada	HMRJSAB39H
339	"Copanema linda kitnet
300 m da praia e Arpoador"	Airbnb	Espaço Inteiro	Pequeno	26	2023-05-12	2023-06-07	2023-06-12	5	2	0	0	2	1333.94	666.97	266.79	266.79	1133.85	566.92	226.77	200.09	Ipanema	Confirmada	HMCTBJDSDP
340	Stúdio Praia Leblon	Airbnb	Espaço Inteiro	Pequeno	0	2023-06-06	2023-06-06	2023-06-08	2	1	0	0	1	592.85	592.85	296.42	296.42	503.92	503.92	251.96	88.93	Leblon	Confirmada	HME2TEQ2SA
341	Ipanema à 300 m da Praia	Airbnb	Quarto	Quarto	27	2023-05-09	2023-06-05	2023-06-18	13	1	0	0	1	1714.75	1714.75	131.9	131.9	1457.54	1457.54	112.12	257.21	Ipanema	Confirmada	HMR2Q5EBS8
342	Apartamento Leblon Vista Mar!	Airbnb	Espaço Inteiro	Pequeno	1	2023-06-04	2023-06-05	2023-06-07	2	2	0	0	2	627.07	313.535	313.54	313.54	533.01	266.5	266.5	94.06	Leblon	Confirmada	HMN8PWX8PY
343	Charmoso Apartamento no Leblon!	Airbnb	Espaço Inteiro	Pequeno	0	2023-06-04	2023-06-04	2023-06-06	2	2	0	0	2	570.06	285.03	285.03	285.03	484.55	242.28	242.28	85.51	Leblon	Confirmada	HMP9EYFPSZ
344	Stúdio Praia Leblon	Airbnb	Espaço Inteiro	Pequeno	0	2023-06-02	2023-06-02	2023-06-06	4	2	0	0	2	1185.73	592.865	296.43	296.43	1007.87	503.94	251.97	177.86	Leblon	Confirmada	HMP8ANT33A
345	"Copanema linda kitnet
300 m da praia e Arpoador"	Airbnb	Espaço Inteiro	Pequeno	3	2023-05-30	2023-06-02	2023-06-05	3	1	0	0	1	615.67	615.67	205.22	205.22	523.32	523.32	174.44	92.35	Ipanema	Confirmada	HMD3XEJCXH
346	Apartamento Leblon Vista Mar!	Airbnb	Espaço Inteiro	Pequeno	2	2023-05-29	2023-05-31	2023-06-05	5	1	0	0	1	1710.14	1710.14	342.03	342.03	1453.62	1453.62	290.72	256.52	Leblon	Confirmada	HMY94PYNF3
347	300 metros da praia em Ipanema.	Airbnb	Quarto	Quarto	0	2023-05-31	2023-05-31	2023-06-03	3	1	0	0	1	490.24	490.24	163.41	163.41	416.7	416.7	138.9	73.54	Ipanema	Confirmada	HMTJNY9ERC
348	Ipanema à 300 m da Praia	Airbnb	Quarto	Quarto	2	2023-05-26	2023-05-28	2023-06-10	13	1	0	0	1	1576.78	1576.78	121.29	121.29	1340.26	1340.26	103.1	236.52	Ipanema	Confirmada	HM2X8N5PCE
349	Apê Ipanema à 600m da praia	Airbnb	Espaço Inteiro	Pequeno	3	2023-05-24	2023-05-27	2023-05-30	3	2	0	0	2	980.51	490.255	326.84	326.84	833.43	416.72	277.81	147.08	Ipanema	Confirmada	HMB4BYRPS3
350	Ipanema à 300 m da Praia	Airbnb	Quarto	Quarto	24	2023-05-03	2023-05-27	2023-05-30	3	1	0	0	1	399.05	399.05	133.02	133.02	339.19	339.19	113.06	59.86	Ipanema	Confirmada	HM8R898XHA
351	300 metros da praia em Ipanema.	Airbnb	Quarto	Quarto	2	2023-05-24	2023-05-26	2023-05-29	3	1	0	0	1	456.04	456.04	152.01	152.01	387.63	387.63	129.21	68.41	Ipanema	Confirmada	HMT2JXMXN4
352	Suíte em Ipanema 300m da praia	Airbnb	Quarto	Quarto	8	2023-05-18	2023-05-26	2023-05-29	3	2	0	0	2	684.07	342.035	228.02	228.02	581.46	290.73	193.82	102.61	Ipanema	Confirmada	HMTD85YC5Z
353	Stúdio Praia Leblon	Airbnb	Espaço Inteiro	Pequeno	10	2023-05-16	2023-05-26	2023-05-29	3	2	0	0	2	1151.53	575.765	383.84	383.84	978.8	489.4	326.27	172.73	Leblon	Confirmada	HME5HRWZQZ
354	Apartamento Leblon Vista Mar!	Airbnb	Espaço Inteiro	Pequeno	37	2023-04-18	2023-05-25	2023-05-29	4	2	0	0	2	1835.6	917.8	458.9	458.9	1560.26	780.13	390.06	275.34	Leblon	Confirmada	HMHHM9AD4Y
355	Quarto solteiro Ipanema	Airbnb	Quarto	Quarto	42	2023-04-12	2023-05-24	2023-05-30	6	1	0	0	1	770.73	770.73	128.46	128.46	655.12	655.12	109.19	115.61	Ipanema	Confirmada	HMAYM44RYN
356	Ipanema à 300 m da Praia	Airbnb	Quarto	Quarto	14	2023-05-10	2023-05-24	2023-05-29	5	1	0	0	1	798.08	798.08	159.62	159.62	678.37	678.37	135.67	119.71	Ipanema	Confirmada	HM3DKM9YMY
358	"Copanema linda kitnet
300 m da praia e Arpoador"	Airbnb	Espaço Inteiro	Pequeno	3	2023-05-20	2023-05-23	2023-06-02	10	1	0	0	1	1881.2	1881.2	188.12	188.12	1599.02	1599.02	159.9	282.18	Ipanema	Confirmada	HMCM4XKMJW
359	Stúdio Praia Leblon	Airbnb	Espaço Inteiro	Pequeno	1	2023-05-20	2023-05-21	2023-05-26	5	1	0	0	1	1653.19	1653.19	330.64	330.64	1405.21	1405.21	281.04	247.98	Leblon	Confirmada	HMZ8825SQC
361	Ipanema à 300 m da Praia	Airbnb	Quarto	Quarto	2	2023-02-02	2023-02-04	2023-02-12	8	1	0	0	1	1958.75	1958.75	244.84	244.84	1664.94	1664.94	208.12	293.81	Ipanema	Confirmada	HM2XMBHEH3
362	Apê Ipanema à 600m da praia	Airbnb	Espaço Inteiro	Pequeno	19	2023-01-15	2023-02-03	2023-02-10	7	2	0	0	2	2350.96	1175.48	335.85	335.85	1998.32	999.16	285.47	352.64	Ipanema	Confirmada	HMYE8J52A5
363	Apartamento Leblon Vista Mar!	Airbnb	Espaço Inteiro	Pequeno	1	2023-02-01	2023-02-02	2023-02-06	4	1	0	0	1	1790.02	1790.02	447.5	447.5	1521.52	1521.52	380.38	268.5	Leblon	Confirmada	HMS2H9T2KP
364	Apê Ipanema à 600m da praia	Airbnb	Espaço Inteiro	Pequeno	1	2023-01-28	2023-01-29	2023-02-01	3	1	0	0	1	1014.68	1014.68	338.23	338.23	862.48	862.48	287.49	152.2	Ipanema	Confirmada	HMJT43NS29
365	Apartamento Leblon Vista Mar!	Airbnb	Espaço Inteiro	Pequeno	25	2023-01-02	2023-01-27	2023-02-02	6	2	0	0	2	2389.14	1194.57	398.19	398.19	2030.77	1015.38	338.46	358.37	Leblon	Confirmada	HMN3SNTMRW
366	Apartamento Leblon Vista Mar!	Airbnb	Espaço Inteiro	Pequeno	11	2023-01-14	2023-01-25	2023-01-27	2	2	0	0	2	948.8	474.4	474.4	474.4	806.48	403.24	403.24	142.32	Leblon	Confirmada	HM4WYF4Z2A
368	"Copanema linda kitnet
300 m da praia e Arpoador"	Airbnb	Espaço Inteiro	Pequeno	5	2023-01-17	2023-01-22	2023-02-10	19	1	0	0	1	4740.65	4740.65	249.51	249.51	4029.55	4029.55	212.08	711.1	Ipanema	Confirmada	HMS2Y3WMKA
369	Apartamento Leblon Vista Mar!	Airbnb	Espaço Inteiro	Pequeno	51	2022-11-30	2023-01-20	2023-01-25	5	2	0	0	2	2246.01	1123.005	449.2	449.2	1909.11	954.56	381.82	336.9	Leblon	Confirmada	HMJYWQDNHQ
370	"Copanema linda kitnet
300 m da praia e Arpoador"	Airbnb	Espaço Inteiro	Pequeno	10	2023-01-10	2023-01-20	2023-01-22	2	1	0	0	1	501.62	501.62	250.81	250.81	426.38	426.38	213.19	75.24	Ipanema	Confirmada	HMYYSSRHMF
371	"Copanema linda kitnet
300 m da praia e Arpoador"	Airbnb	Espaço Inteiro	Pequeno	10	2023-01-09	2023-01-19	2023-01-20	1	2	0	0	2	399.05	199.525	399.05	399.05	339.19	169.6	339.19	59.86	Ipanema	Confirmada	HM2ZTWMQ38
372	"Copanema linda kitnet
300 m da praia e Arpoador"	Airbnb	Espaço Inteiro	Pequeno	0	2023-01-18	2023-01-18	2023-01-19	1	2	0	0	2	307.84	153.92	307.84	307.84	261.66	130.83	261.66	46.18	Ipanema	Confirmada	HMXXTPQZKW
373	Apê Ipanema à 600m da praia	Airbnb	Espaço Inteiro	Pequeno	21	2022-12-27	2023-01-17	2023-01-29	12	2	0	0	2	3705.41	1852.705	308.78	308.78	3149.6	1574.8	262.47	555.81	Ipanema	Confirmada	HMEMADMWQY
374	Apartamento Leblon Vista Mar!	Airbnb	Espaço Inteiro	Pequeno	1	2023-01-16	2023-01-17	2023-01-20	3	2	0	0	2	1311.14	655.57	437.05	437.05	1114.47	557.24	371.49	196.67	Leblon	Confirmada	HMNPF3EB22
375	"Copanema linda kitnet
300 m da praia e Arpoador"	Airbnb	Espaço Inteiro	Pequeno	20	2022-12-25	2023-01-14	2023-01-18	4	2	0	0	2	1009.01	504.505	252.25	252.25	857.66	428.83	214.42	151.35	Ipanema	Confirmada	HMQ4FCTYNP
377	"Copanema linda kitnet
300 m da praia e Arpoador"	Airbnb	Espaço Inteiro	Pequeno	29	2022-12-11	2023-01-09	2023-01-13	4	1	0	0	1	855.09	855.09	213.77	213.77	726.83	726.83	181.71	128.26	Ipanema	Confirmada	HM8QDWEHEA
378	Apartamento Leblon Vista Mar!	Airbnb	Espaço Inteiro	Pequeno	39	2022-11-29	2023-01-07	2023-01-16	9	2	0	0	2	3638.35	1819.175	404.26	404.26	3092.6	1546.3	343.62	545.75	Leblon	Confirmada	HM9YAFNA2J
379	"Copanema linda kitnet
300 m da praia e Arpoador"	Airbnb	Espaço Inteiro	Pequeno	8	2022-12-28	2023-01-05	2023-01-09	4	2	0	0	2	1117.32	558.66	279.33	279.33	949.72	474.86	237.43	167.6	Ipanema	Confirmada	HMJMTREEFX
380	Apê Ipanema à 600m da praia	Airbnb	Espaço Inteiro	Pequeno	12	2022-12-23	2023-01-04	2023-01-08	4	2	0	0	2	1413.75	706.875	353.44	353.44	1201.69	600.84	300.42	212.06	Ipanema	Confirmada	HM4ZAZJCD8
381	Apartamento Leblon Vista Mar!	Airbnb	Espaço Inteiro	Pequeno	18	2022-12-16	2023-01-03	2023-01-07	4	2	0	0	2	1789.99	894.995	447.5	447.5	1521.49	760.74	380.37	268.5	Leblon	Confirmada	HMJM9Z3PKC
382	"Copanema linda kitnet
300 m da praia e Arpoador"	Airbnb	Espaço Inteiro	Pequeno	1	2023-01-02	2023-01-03	2023-01-05	2	1	0	0	1	581.47	581.47	290.74	290.74	494.25	494.25	247.12	87.22	Ipanema	Confirmada	HMEQS2QJRP
383	Apê Ipanema à 600m da praia	Airbnb	Espaço Inteiro	Pequeno	2	2022-12-30	2023-01-01	2023-01-04	3	1	0	0	1	1938.2	1938.2	646.07	646.07	1647.47	1647.47	549.16	290.73	Ipanema	Confirmada	HMWX9CM23W
384	Apê Ipanema à 600m da praia	Airbnb	Espaço Inteiro	Pequeno	5	2022-12-23	2022-12-28	2023-01-01	4	2	0	0	2	3990.46	1995.23	997.62	997.62	3391.89	1695.94	847.97	598.57	Ipanema	Confirmada	HMT93M38N8
385	"Copanema linda kitnet
300 m da praia e Arpoador"	Airbnb	Espaço Inteiro	Pequeno	0	2022-12-28	2022-12-28	2022-12-31	3	1	0	0	1	1026.11	1026.11	342.04	342.04	872.19	872.19	290.73	153.92	Ipanema	Confirmada	HM5DEYCWJA
387	Apartamento Leblon Vista Mar!	Airbnb	Espaço Inteiro	Pequeno	11	2022-12-11	2022-12-22	2023-01-03	12	2	0	0	2	9305.68	4652.84	775.47	775.47	7909.83	3954.92	659.15	1395.85	Leblon	Confirmada	HM3S3H8PYN
388	Apartamento Leblon Vista Mar!	Airbnb	Espaço Inteiro	Pequeno	0	2022-12-15	2022-12-15	2022-12-19	4	1	0	0	1	1653.18	1653.18	413.3	413.3	1405.2	1405.2	351.3	247.98	Leblon	Confirmada	HMXYSP3HNA
389	Apartamento Leblon Vista Mar!	Airbnb	Espaço Inteiro	Pequeno	1	2022-12-05	2022-12-06	2022-12-15	9	1	0	0	1	3129.38	3129.38	347.71	347.71	2659.97	2659.97	295.55	469.41	Leblon	Confirmada	HMDMXE422R
390	Apê Ipanema à 600m da praia	Airbnb	Espaço Inteiro	Pequeno	18	2022-11-13	2022-12-01	2022-12-06	5	1	0	0	1	1254.13	1254.13	250.83	250.83	1066.01	1066.01	213.2	188.12	Ipanema	Confirmada	HMQZ3K5BXD
391	Apê Ipanema à 600m da praia	Airbnb	Espaço Inteiro	Pequeno	21	2022-10-18	2022-11-08	2022-11-17	9	2	0	0	2	2099.65	1049.825	233.29	233.29	1784.7	892.35	198.3	314.95	Ipanema	Confirmada	HMFPD98KEJ
392	Apê Ipanema à 600m da praia	Airbnb	Espaço Inteiro	Pequeno	1	2022-10-20	2022-10-21	2022-10-31	10	1	0	0	1	2340.09	2340.09	234.01	234.01	1989.08	1989.08	198.91	351.01	Ipanema	Confirmada	HM95BJYTYD
393	Ipanema à 350 m da Praia	Airbnb	Quarto	Quarto	3	2023-03-16	2023-03-19	2023-03-24	5	1	0	0	1	752.51	752.51	150.5	150.5	639.63	639.63	127.93	112.88	Ipanema	Confirmada	HMSEYMKRFZ
394	Apê Ipanema à 600m da praia	Airbnb	Espaço Inteiro	Pequeno	1	2023-03-18	2023-03-19	2023-03-22	3	1	0	0	1	912.08	912.08	304.03	304.03	775.27	775.27	258.42	136.81	Ipanema	Confirmada	HMCNRFTR5N
395	Suíte em Ipanema 300m da praia	Airbnb	Quarto	Quarto	0	2023-03-18	2023-03-18	2023-03-23	5	2	0	0	2	1083.12	541.56	216.62	216.62	920.65	460.32	184.13	162.47	Ipanema	Confirmada	HM4KDF5FBH
396	Ipanema à 300 m da Praia	Airbnb	Quarto	Quarto	0	2023-03-17	2023-03-17	2023-03-20	3	1	0	0	1	467.45	467.45	155.82	155.82	397.33	397.33	132.44	70.12	Ipanema	Confirmada	HM32QRY4C9
397	Apartamento Leblon Vista Mar!	Airbnb	Espaço Inteiro	Pequeno	13	2023-03-02	2023-03-15	2023-03-23	8	1	0	0	1	3057.81	3057.81	382.23	382.23	2599.14	2599.14	324.89	458.67	Leblon	Confirmada	HMC94DKQCB
398	Ipanema à 300 m da Praia	Airbnb	Quarto	Quarto	4	2023-03-11	2023-03-15	2023-03-22	7	1	0	0	1	1119.6	1119.6	159.94	159.94	951.66	951.66	135.95	167.94	Ipanema	Confirmada	HM3M38QW9N
399	Apê Ipanema à 600m da praia	Airbnb	Espaço Inteiro	Pequeno	27	2023-02-14	2023-03-13	2023-03-19	6	2	0	0	2	1938.24	969.12	323.04	323.04	1647.5	823.75	274.58	290.74	Ipanema	Confirmada	HMQK4SSDFR
400	Suíte em Ipanema 300m da praia	Airbnb	Quarto	Quarto	5	2023-03-08	2023-03-13	2023-03-17	4	2	0	0	2	900.69	450.345	225.17	225.17	765.59	382.8	191.4	135.1	Ipanema	Confirmada	HM3NPFSMC8
402	Ipanema à 300 m da Praia	Airbnb	Quarto	Quarto	28	2023-02-10	2023-03-10	2023-03-16	6	1	0	0	1	1157.02	1157.02	192.84	192.84	983.47	983.47	163.91	173.55	Ipanema	Confirmada	HMZYQM4KQ5
403	Ipanema à 350 m da Praia	Airbnb	Quarto	Quarto	2	2023-03-08	2023-03-10	2023-03-15	5	1	0	0	1	980.49	980.49	196.1	196.1	833.42	833.42	166.68	147.07	Ipanema	Confirmada	HMEKTSDH9Z
404	Apê Ipanema à 600m da praia	Airbnb	Espaço Inteiro	Pequeno	8	2023-03-01	2023-03-09	2023-03-13	4	2	0	0	2	1368.14	684.07	342.04	342.04	1162.92	581.46	290.73	205.22	Ipanema	Confirmada	HMDKNSHFSE
405	Casa Cercada pela Natureza em Visconde de Mauá	Airbnb	Espaço Inteiro	Grande	1	2023-03-07	2023-03-08	2023-03-13	5	2	0	0	2	2337.27	1168.635	467.45	467.45	1986.68	993.34	397.34	350.59	Visconde de Mauá	Confirmada	HMJ2EKY88C
406	Apartamento Leblon Vista Mar!	Airbnb	Espaço Inteiro	Pequeno	3	2023-03-05	2023-03-08	2023-03-12	4	1	1	0	2	1881.2	940.6	470.3	470.3	1599.02	799.51	399.76	282.18	Leblon	Confirmada	HM9DNTDEXW
407	Ipanema à 300 m da Praia	Airbnb	Quarto	Quarto	1	2023-03-06	2023-03-07	2023-03-14	7	1	0	0	1	1463.91	1463.91	209.13	209.13	1244.32	1244.32	177.76	219.59	Ipanema	Confirmada	HMFBH4H5DT
408	Apê Ipanema à 600m da praia	Airbnb	Espaço Inteiro	Pequeno	0	2023-03-04	2023-03-04	2023-03-08	4	1	0	0	1	1231.34	1231.34	307.83	307.83	1046.64	1046.64	261.66	184.7	Ipanema	Confirmada	HM4AXXN9MM
409	"Copanema linda kitnet
300 m da praia e Arpoador"	Airbnb	Espaço Inteiro	Pequeno	3	2023-02-28	2023-03-03	2023-03-07	4	1	0	0	1	1026.11	1026.11	256.53	256.53	872.19	872.19	218.05	153.92	Ipanema	Confirmada	HMHDN4TJ4B
411	"Copanema linda kitnet
300 m da praia e Arpoador"	Airbnb	Espaço Inteiro	Pequeno	0	2023-02-28	2023-02-28	2023-03-03	3	1	0	0	1	786.68	786.68	262.23	262.23	668.68	668.68	222.89	118.0	Ipanema	Confirmada	HMR2SX3TWJ
412	Apartamento Leblon Vista Mar!	Airbnb	Espaço Inteiro	Pequeno	33	2023-01-25	2023-02-27	2023-03-08	9	2	0	0	2	3413.55	1706.775	379.28	379.28	2901.52	1450.76	322.39	512.03	Leblon	Confirmada	HM948ZT58B
413	Apê Ipanema à 600m da praia	Airbnb	Espaço Inteiro	Pequeno	14	2023-02-13	2023-02-27	2023-03-04	5	1	0	0	1	1653.19	1653.19	330.64	330.64	1405.21	1405.21	281.04	247.98	Ipanema	Confirmada	HMNHNHFAME
414	Ipanema à 300 m da Praia	Airbnb	Quarto	Quarto	14	2023-02-09	2023-02-23	2023-02-27	4	1	0	0	1	786.68	786.68	196.67	196.67	668.68	668.68	167.17	118.0	Ipanema	Confirmada	HMX8TTS9WK
416	Ipanema à 300 m da Praia	Airbnb	Quarto	Quarto	2	2023-02-20	2023-02-22	2023-03-05	11	1	0	0	1	2672.65	2672.65	242.97	242.97	2271.75	2271.75	206.52	400.9	Ipanema	Confirmada	HM88XHDFNP
417	"Copanema linda kitnet
300 m da praia e Arpoador"	Airbnb	Espaço Inteiro	Pequeno	28	2023-01-25	2023-02-22	2023-02-28	6	2	0	0	2	1676.0	838.0	279.33	279.33	1424.6	712.3	237.43	251.4	Ipanema	Confirmada	HMNXTSXKNM
419	Ipanema à 300 m da Praia	Airbnb	Quarto	Quarto	17	2023-02-05	2023-02-22	2023-02-27	5	2	0	0	2	1219.91	609.955	243.98	243.98	1036.92	518.46	207.38	182.99	Ipanema	Confirmada	HM9YDAA8CK
420	Ipanema à 300 m da Praia	Airbnb	Quarto	Quarto	5	2023-02-17	2023-02-22	2023-02-26	4	1	0	0	1	1026.14	1026.14	256.54	256.54	872.22	872.22	218.06	153.92	Ipanema	Confirmada	HMRE2MHBTJ
421	Apê Ipanema à 600m da praia	Airbnb	Espaço Inteiro	Pequeno	19	2023-02-02	2023-02-21	2023-02-27	6	1	0	0	1	2394.26	2394.26	399.04	399.04	2035.12	2035.12	339.19	359.14	Ipanema	Confirmada	HMC8JPHHZK
422	Apê Ipanema à 600m da praia	Airbnb	Espaço Inteiro	Pequeno	7	2023-02-13	2023-02-20	2023-02-21	1	3	0	0	3	1242.73	414.24333333333334	1242.73	1242.73	1056.32	352.11	1056.32	186.41	Ipanema	Confirmada	HM85MK92B3
423	Apartamento Leblon Vista Mar!	Airbnb	Espaço Inteiro	Pequeno	42	2023-01-08	2023-02-19	2023-02-27	8	2	1	0	3	8785.79	2928.596666666667	1098.22	1098.22	7467.92	2489.31	933.49	1317.87	Leblon	Confirmada	HMTNXP2JFD
424	Apê Amplo em Ipanema 300 m da Praia	Airbnb	Espaço Inteiro	Grande	18	2023-01-30	2023-02-17	2023-02-22	5	9	0	0	9	19382.08	2153.5644444444447	3876.42	3876.42	16474.77	1830.53	3294.95	2907.31	Ipanema	Confirmada	HM9CE2DKDH
425	"Copanema linda kitnet
300 m da praia e Arpoador"	Airbnb	Espaço Inteiro	Pequeno	68	2022-12-11	2023-02-17	2023-02-22	5	1	0	0	1	3112.53	3112.53	622.51	622.51	2645.65	2645.65	529.13	466.88	Ipanema	Confirmada	HMWTJD24E3
426	"Copanema linda kitnet
300 m da praia e Arpoador"	Airbnb	Espaço Inteiro	Pequeno	0	2023-02-11	2023-02-11	2023-02-17	6	2	0	0	2	1596.19	798.095	266.03	266.03	1356.76	678.38	226.13	239.43	Ipanema	Confirmada	HMF2RYSQ4M
428	Apê Ipanema à 600m da praia	Airbnb	Espaço Inteiro	Pequeno	38	2023-01-03	2023-02-10	2023-02-20	10	2	0	0	2	6466.78	3233.39	646.68	646.68	5496.76	2748.38	549.68	970.02	Ipanema	Confirmada	HMYASB35MY
429	Apartamento Leblon Vista Mar!	Airbnb	Espaço Inteiro	Pequeno	49	2022-12-23	2023-02-10	2023-02-19	9	2	0	0	2	5529.59	2764.795	614.4	614.4	4700.15	2350.07	522.24	829.44	Leblon	Confirmada	HM9C9T94K9
431	"Copanema linda kitnet
300 m da praia e Arpoador"	Airbnb	Espaço Inteiro	Pequeno	0	2023-02-10	2023-02-10	2023-02-11	1	1	0	0	1	387.65	387.65	387.65	387.65	329.5	329.5	329.5	58.15	Ipanema	Confirmada	HMAS8C2H35
432	Ipanema à 300 m da Praia	Airbnb	Quarto	Quarto	0	2023-02-09	2023-02-09	2023-02-15	6	1	0	0	1	1151.49	1151.49	191.92	191.92	978.77	978.77	163.13	172.72	Ipanema	Confirmada	HMTBH4WMHX
433	Charmoso Apartamento no Leblon!	Airbnb	Espaço Inteiro	Pequeno	11	2023-07-03	2023-07-14	2023-07-16	2	2	0	0	2	706.87	353.435	353.44	353.44	600.84	300.42	300.42	106.03	Leblon	Confirmada	HMQBPF39YJ
434	Super Apê com Jacuzzi Ipanema	Airbnb	Espaço Inteiro	Grande	19	2023-06-24	2023-07-13	2023-07-18	5	3	1	0	4	2271.13	567.7825	454.23	454.23	1930.46	482.62	386.09	340.67	Ipanema	Confirmada	HMYBEZNHAB
435	Ipanema à 300 m da Praia	Airbnb	Quarto	Quarto	2	2023-07-10	2023-07-12	2023-07-17	5	1	0	0	1	672.66	672.66	134.53	134.53	571.76	571.76	114.35	100.9	Ipanema	Confirmada	HM4AQ8XC5M
436	Stúdio Praia Leblon	Airbnb	Espaço Inteiro	Pequeno	16	2023-06-26	2023-07-12	2023-07-16	4	2	0	0	2	1664.58	832.29	416.14	416.14	1414.89	707.44	353.72	249.69	Leblon	Confirmada	HMBBYSMKR8
437	"Copanema linda kitnet
300 m da praia e Arpoador"	Airbnb	Espaço Inteiro	Pequeno	2	2023-07-09	2023-07-11	2023-07-16	5	2	0	0	2	1094.52	547.26	218.9	218.9	930.34	465.17	186.07	164.18	Ipanema	Confirmada	HMHWYDMJ83
439	Ipanema à 300 m da Praia	Airbnb	Quarto	Quarto	3	2023-07-07	2023-07-10	2023-07-16	6	1	0	0	1	809.49	809.49	134.92	134.92	688.07	688.07	114.68	121.42	Ipanema	Confirmada	HM55A3BRJE
440	Stúdio Praia Leblon	Airbnb	Espaço Inteiro	Pequeno	0	2023-07-10	2023-07-10	2023-07-12	2	2	0	0	2	684.07	342.035	342.04	342.04	581.46	290.73	290.73	102.61	Leblon	Confirmada	HMJBP5NYSJ
441	Super Apê com Jacuzzi Ipanema	Airbnb	Espaço Inteiro	Grande	1	2023-07-08	2023-07-09	2023-07-12	3	5	0	0	5	1368.14	273.62800000000004	456.05	456.05	1162.92	232.58	387.64	205.22	Ipanema	Confirmada	HMNW8RYTJQ
442	Ipanema à 300 m da Praia	Airbnb	Quarto	Quarto	1	2023-07-08	2023-07-09	2023-07-12	3	1	0	0	1	445.78	445.78	148.59	148.59	378.91	378.91	126.3	66.87	Ipanema	Confirmada	HM8WWNW382
443	Apê Ipanema à 600m da praia	Airbnb	Espaço Inteiro	Pequeno	0	2023-07-08	2023-07-08	2023-07-15	7	2	0	0	2	1884.06	942.03	269.15	269.15	1601.45	800.72	228.78	282.61	Ipanema	Confirmada	HMT9TSWCDB
444	"Copanema linda kitnet
300 m da praia e Arpoador"	Airbnb	Espaço Inteiro	Pequeno	17	2023-06-21	2023-07-08	2023-07-11	3	2	0	0	2	775.28	387.64	258.43	258.43	658.99	329.5	219.66	116.29	Ipanema	Confirmada	HMFQHMBPA2
445	Charmoso Apartamento no Leblon!	Airbnb	Espaço Inteiro	Pequeno	0	2023-07-07	2023-07-07	2023-07-09	2	1	0	0	1	661.26	661.26	330.63	330.63	562.07	562.07	281.04	99.19	Leblon	Confirmada	HM28YQCC9N
446	Apartamento Leblon Vista Mar!	Airbnb	Espaço Inteiro	Pequeno	7	2023-06-29	2023-07-06	2023-07-20	14	1	0	0	1	5078.11	5078.11	362.72	362.72	4316.39	4316.39	308.31	761.72	Leblon	Confirmada	HMFSXRPPAS
447	Stúdio Praia Leblon	Airbnb	Espaço Inteiro	Pequeno	1	2023-07-05	2023-07-06	2023-07-10	4	2	0	0	2	1504.96	752.48	376.24	376.24	1279.22	639.61	319.8	225.74	Leblon	Confirmada	HMBB2PY4QD
448	Super Apê com Jacuzzi Ipanema	Airbnb	Espaço Inteiro	Grande	5	2023-07-01	2023-07-06	2023-07-09	3	4	0	0	4	1368.14	342.035	456.05	456.05	1162.92	290.73	387.64	205.22	Ipanema	Confirmada	HMFBRHDCZZ
449	Apê Amplo Ipanema 300 m da Praia	Airbnb	Espaço Inteiro	Grande	78	2023-04-19	2023-07-06	2023-07-09	3	5	0	0	5	2394.26	478.85200000000003	798.09	798.09	2035.12	407.02	678.37	359.14	Ipanema	Confirmada	HMZNCJQHNE
450	"Copanema linda kitnet
300 m da praia e Arpoador"	Airbnb	Espaço Inteiro	Pequeno	2	2023-07-03	2023-07-05	2023-07-08	3	1	0	0	1	581.46	581.46	193.82	193.82	494.24	494.24	164.75	87.22	Ipanema	Confirmada	HMJNDHESQS
451	"Copanema linda kitnet
300 m da praia e Arpoador"	Airbnb	Espaço Inteiro	Pequeno	10	2023-06-21	2023-07-01	2023-07-05	4	2	0	0	2	855.09	427.545	213.77	213.77	726.83	363.42	181.71	128.26	Ipanema	Confirmada	HMZERM28WR
452	Charmoso Apartamento no Leblon!	Airbnb	Espaço Inteiro	Pequeno	0	2023-07-01	2023-07-01	2023-07-03	2	2	0	0	2	752.49	376.245	376.24	376.24	639.62	319.81	319.81	112.87	Leblon	Confirmada	HMDCRX2ACY
453	300 metros da praia em Ipanema.	Airbnb	Quarto	Quarto	1	2023-06-29	2023-06-30	2023-07-03	3	1	0	0	1	456.07	456.07	152.02	152.02	387.66	387.66	129.22	68.41	Ipanema	Confirmada	HMR3MCQXHF
454	Stúdio Praia Leblon	Airbnb	Espaço Inteiro	Pequeno	2	2023-06-28	2023-06-30	2023-07-02	2	1	0	0	1	741.08	741.08	370.54	370.54	629.92	629.92	314.96	111.16	Leblon	Confirmada	HM5HP5QMKF
455	Ipanema à 300 m da Praia	Airbnb	Quarto	Quarto	13	2023-06-16	2023-06-29	2023-07-07	8	1	0	0	1	861.48	861.48	107.68	107.68	732.26	732.26	91.53	129.22	Ipanema	Confirmada	HMMZA8EBYC
456	Suíte em Ipanema 300m da praia	Airbnb	Quarto	Quarto	23	2023-06-03	2023-06-26	2023-07-02	6	2	0	0	2	1088.81	544.405	181.47	181.47	925.49	462.74	154.25	163.32	Ipanema	Confirmada	HMKSED8KHH
457	"Copanema linda kitnet
300 m da praia e Arpoador"	Airbnb	Espaço Inteiro	Pequeno	1	2023-06-25	2023-06-26	2023-06-30	4	1	0	0	1	627.07	627.07	156.77	156.77	533.01	533.01	133.25	94.06	Ipanema	Confirmada	HMR5K8SKFH
458	Stúdio Praia Leblon	Airbnb	Espaço Inteiro	Pequeno	1	2023-06-25	2023-06-26	2023-06-28	2	2	0	0	2	661.26	330.63	330.63	330.63	562.07	281.04	281.04	99.19	Leblon	Confirmada	HMHAHJW5W9
459	Quarto solteiro Ipanema	Airbnb	Quarto	Quarto	1	2023-06-24	2023-06-25	2023-07-04	9	1	0	0	1	1297.32	1297.32	144.15	144.15	1102.72	1102.72	122.52	194.6	Ipanema	Confirmada	HMYMXB84TR
460	Apartamento Leblon Vista Mar!	Airbnb	Espaço Inteiro	Pequeno	3	2023-06-21	2023-06-24	2023-07-05	11	1	0	0	1	3688.05	3688.05	335.28	335.28	3134.84	3134.84	284.99	553.21	Leblon	Confirmada	HMM4YTBWNP
461	Super Apê com Jacuzzi Ipanema	Airbnb	Espaço Inteiro	Grande	2	2023-06-22	2023-06-24	2023-06-26	2	2	0	0	2	519.89	259.945	259.94	259.94	441.91	220.96	220.96	77.98	Ipanema	Confirmada	HMD2S8YAAX
462	Stúdio Praia Leblon	Airbnb	Espaço Inteiro	Pequeno	6	2023-06-17	2023-06-23	2023-06-25	2	2	0	0	2	684.07	342.035	342.04	342.04	581.46	290.73	290.73	102.61	Leblon	Confirmada	HMFC4SW85H
463	Ipanema à 200 m da praia	Airbnb	Quarto	Quarto	2	2023-06-19	2023-06-21	2023-06-26	5	1	0	0	1	627.07	627.07	125.41	125.41	533.01	533.01	106.6	94.06	Ipanema	Confirmada	HMCY5ZB5DW
464	300 metros da praia em Ipanema.	Airbnb	Quarto	Quarto	2	2023-06-18	2023-06-20	2023-06-23	3	1	0	0	1	421.86	421.86	140.62	140.62	358.58	358.58	119.53	63.28	Ipanema	Confirmada	HMEZFWJTBP
465	Charmoso Apartamento no Leblon!	Airbnb	Espaço Inteiro	Pequeno	1	2023-06-18	2023-06-19	2023-06-28	9	1	0	0	1	2645.08	2645.08	293.9	293.9	2248.32	2248.32	249.81	396.76	Leblon	Confirmada	HMSJPENA9S
466	Ipanema à 300 m da Praia	Airbnb	Quarto	Quarto	1	2023-06-17	2023-06-18	2023-07-01	13	1	0	0	1	1447.93	1447.93	111.38	111.38	1230.74	1230.74	94.67	217.19	Ipanema	Confirmada	HMYTYTMP5E
467	300 metros da praia em Ipanema.	Airbnb	Quarto	Quarto	1	2023-06-16	2023-06-17	2023-06-20	3	1	0	0	1	421.87	421.87	140.62	140.62	358.59	358.59	119.53	63.28	Ipanema	Confirmada	HMXXFKNENW
468	Stúdio Praia Leblon	Airbnb	Espaço Inteiro	Pequeno	6	2023-06-11	2023-06-17	2023-06-19	2	2	0	0	2	729.68	364.84	364.84	364.84	620.23	310.12	310.12	109.45	Leblon	Confirmada	HMDJKBWQ9A
469	Quarto solteiro Ipanema	Airbnb	Quarto	Quarto	0	2023-06-16	2023-06-16	2023-06-19	3	1	0	0	1	410.42	410.42	136.81	136.81	348.86	348.86	116.29	61.56	Ipanema	Confirmada	HMFNWYB5HR
470	Suíte em Ipanema 300m da praia	Airbnb	Quarto	Quarto	3	2023-06-12	2023-06-15	2023-06-23	8	2	0	0	2	1315.13	657.565	164.39	164.39	1117.86	558.93	139.73	197.27	Ipanema	Confirmada	HM44SS2AE3
471	Apartamento Leblon Vista Mar!	Airbnb	Espaço Inteiro	Pequeno	7	2023-06-07	2023-06-14	2023-06-21	7	2	0	0	2	2318.55	1159.275	331.22	331.22	1970.77	985.38	281.54	347.78	Leblon	Confirmada	HM9HT9CDA9
472	"Copanema linda kitnet
300 m da praia e Arpoador"	Airbnb	Espaço Inteiro	Pequeno	8	2023-06-06	2023-06-14	2023-06-21	7	2	0	0	2	1199.98	599.99	171.43	171.43	1019.98	509.99	145.71	180.0	Ipanema	Confirmada	HMEKBCE24S
473	Apê Amplo Ipanema 300 m da Praia	Airbnb	Espaço Inteiro	Grande	80	2023-08-21	2023-11-09	2023-11-12	3	7	0	0	7	2217.58	316.79714285714283	739.19	739.19	1884.94	269.28	628.31	332.64	Ipanema	Confirmada	HM4D4E2RBD
474	Super Apê com Jacuzzi Ipanema	Airbnb	Espaço Inteiro	Grande	57	2023-09-12	2023-11-08	2023-11-12	4	5	0	0	5	2579.25	515.85	644.81	644.81	2192.36	438.47	548.09	386.89	Ipanema	Confirmada	HMM93F8HFB
475	Apê Amplo em Ipanema 300 m da Praia	Airbnb	Espaço Inteiro	Grande	85	2023-08-15	2023-11-08	2023-11-12	4	7	0	0	7	2069.95	295.70714285714286	517.49	517.49	1759.46	251.35	439.86	310.49	Ipanema	Confirmada	HM2NWWCYES
476	Apartamento Leblon Vista Mar!	Airbnb	Espaço Inteiro	Pequeno	12	2023-10-26	2023-11-07	2023-11-14	7	2	0	0	2	3218.79	1609.395	459.83	459.83	2735.97	1367.98	390.85	482.82	Leblon	Confirmada	HMQ4CB4DRE
477	Studio Praia Ipanema	Airbnb	Espaço Inteiro	Pequeno	70	2023-08-29	2023-11-07	2023-11-13	6	1	0	0	1	1834.8	1834.8	305.8	305.8	1559.58	1559.58	259.93	275.22	Ipanema	Confirmada	HMTDS5NXDR
479	Ipanema Studio 300 m da praia	Airbnb	Espaço Inteiro	Pequeno	2	2023-11-03	2023-11-05	2023-11-09	4	1	0	0	1	1094.19	1094.19	273.55	273.55	930.06	930.06	232.52	164.13	Ipanema	Confirmada	HMZTQDNPPY
480	Apê Amplo Ipanema 300 m da Praia	Airbnb	Espaço Inteiro	Grande	32	2023-10-04	2023-11-05	2023-11-09	4	8	0	0	8	1893.26	236.6575	473.32	473.32	1609.27	201.16	402.32	283.99	Ipanema	Confirmada	HMX8XR92MJ
483	Apê Amplo em Ipanema 300 m da Praia	Airbnb	Espaço Inteiro	Grande	59	2023-09-05	2023-11-03	2023-11-06	3	6	0	0	6	2769.04	461.50666666666666	923.01	923.01	2353.68	392.28	784.56	415.36	Ipanema	Confirmada	HM9EREZ32D
485	Super Apê com Jacuzzi Ipanema	Airbnb	Espaço Inteiro	Grande	25	2023-10-08	2023-11-02	2023-11-07	5	6	0	0	6	4764.74	794.1233333333333	952.95	952.95	4050.03	675.0	810.01	714.71	Ipanema	Confirmada	HM5SDQ2BXM
487	Ipanema Studio 300 m da praia	Airbnb	Espaço Inteiro	Pequeno	59	2023-09-04	2023-11-02	2023-11-05	3	2	0	0	2	1065.35	532.675	355.12	355.12	905.55	452.78	301.85	159.8	Ipanema	Confirmada	HMFXEFQR4F
488	Stúdio Praia Leblon	Airbnb	Espaço Inteiro	Pequeno	80	2023-08-14	2023-11-02	2023-11-05	3	2	0	0	2	1193.67	596.835	397.89	397.89	1014.62	507.31	338.21	179.05	Leblon	Confirmada	HM8299REZ4
489	Studio Praia Ipanema	Airbnb	Espaço Inteiro	Pequeno	82	2023-08-12	2023-11-02	2023-11-05	3	2	0	0	2	847.51	423.755	282.5	282.5	720.38	360.19	240.13	127.13	Ipanema	Confirmada	HMWKEZEMMN
490	Apartamento Leblon Vista Mar!	Airbnb	Espaço Inteiro	Pequeno	16	2023-10-16	2023-11-01	2023-11-05	4	2	0	0	2	2754.41	1377.205	688.6	688.6	2341.25	1170.62	585.31	413.16	Leblon	Confirmada	HMKKTDN9YT
492	Apê Amplo Ipanema 300 m da Praia	Airbnb	Espaço Inteiro	Grande	65	2023-08-28	2023-11-01	2023-11-05	4	8	0	0	8	4481.21	560.15125	1120.3	1120.3	3809.03	476.13	952.26	672.18	Ipanema	Confirmada	HMBJ844PQB
493	Ipanema Amplo Vista Mar!	Airbnb	Espaço Inteiro	Grande	31	2023-10-01	2023-11-01	2023-11-04	3	7	0	0	7	2983.27	426.18142857142857	994.42	994.42	2535.78	362.25	845.26	447.49	Ipanema	Confirmada	HMMZCTAYC4
494	Charmoso Apartamento no Leblon!	Airbnb	Espaço Inteiro	Pequeno	7	2023-10-21	2023-10-28	2023-11-02	5	1	0	0	1	2270.99	2270.99	454.2	454.2	1930.34	1930.34	386.07	340.65	Leblon	Confirmada	HMMESH8EJF
495	Super Apê com Jacuzzi Ipanema	Airbnb	Espaço Inteiro	Grande	6	2023-10-22	2023-10-28	2023-10-31	3	4	0	0	4	1571.65	392.9125	523.88	523.88	1335.9	333.98	445.3	235.75	Ipanema	Confirmada	HM89SXYJRT
496	Apê Amplo em Ipanema 300 m da Praia	Airbnb	Espaço Inteiro	Grande	70	2023-08-18	2023-10-27	2023-11-03	7	7	0	0	7	5622.15	803.1642857142857	803.16	803.16	4778.83	682.69	682.69	843.32	Ipanema	Confirmada	HM8YZXY9C9
498	Apê Amplo Ipanema 300 m da Praia	Airbnb	Espaço Inteiro	Grande	35	2023-09-22	2023-10-27	2023-10-30	3	8	0	0	8	2237.36	279.67	745.79	745.79	1901.76	237.72	633.92	335.6	Ipanema	Confirmada	HMTR3FANXC
499	Ipanema Studio 300 m da praia	Airbnb	Espaço Inteiro	Pequeno	9	2023-10-17	2023-10-26	2023-11-02	7	1	0	0	1	1660.8	1660.8	237.26	237.26	1411.68	1411.68	201.67	249.12	Ipanema	Confirmada	HM3W8SW4R9
500	Super Apê com Jacuzzi Ipanema	Airbnb	Espaço Inteiro	Grande	0	2023-10-25	2023-10-25	2023-10-28	3	2	0	0	2	1385.54	692.77	461.85	461.85	1177.71	588.86	392.57	207.83	Ipanema	Confirmada	HMHZ4XT9H3
502	Apê Amplo Ipanema 300 m da Praia	Airbnb	Espaço Inteiro	Grande	26	2023-09-28	2023-10-24	2023-10-27	3	6	0	1	7	1575.65	225.09285714285716	525.22	525.22	1339.3	191.33	446.43	236.35	Ipanema	Confirmada	HMD8SPZ5PF
503	Apê Amplo em Ipanema 300 m da Praia	Airbnb	Espaço Inteiro	Grande	34	2023-09-20	2023-10-24	2023-10-27	3	6	0	0	6	1789.92	298.32	596.64	596.64	1521.43	253.57	507.14	268.49	Ipanema	Confirmada	HMCTZJR2YQ
504	Apê Amplo Ipanema 300 m da Praia	Airbnb	Espaço Inteiro	Grande	25	2023-09-26	2023-10-21	2023-10-24	3	8	0	0	8	1575.65	196.95625	525.22	525.22	1339.3	167.41	446.43	236.35	Ipanema	Confirmada	HMJCJD83XK
505	Apê Amplo em Ipanema 300 m da Praia	Airbnb	Espaço Inteiro	Grande	52	2023-08-29	2023-10-20	2023-10-23	3	7	0	0	7	2237.36	319.6228571428572	745.79	745.79	1901.76	271.68	633.92	335.6	Ipanema	Confirmada	HMRW2H2B8F
506	Studio Praia Ipanema	Airbnb	Espaço Inteiro	Pequeno	36	2023-09-13	2023-10-19	2023-10-23	4	3	0	0	3	1173.39	391.13000000000005	293.35	293.35	997.38	332.46	249.34	176.01	Ipanema	Confirmada	HMSPXSTE5T
507	Stúdio Praia Leblon	Airbnb	Espaço Inteiro	Pequeno	10	2023-10-08	2023-10-18	2023-10-22	4	3	0	0	3	1416.48	472.16	354.12	354.12	1204.01	401.34	301.0	212.47	Leblon	Confirmada	HM9CMW8DRS
508	Super Apê com Jacuzzi Ipanema	Airbnb	Espaço Inteiro	Grande	14	2023-10-04	2023-10-18	2023-10-22	4	6	0	0	6	2188.4	364.73333333333335	547.1	547.1	1860.14	310.02	465.04	328.26	Ipanema	Confirmada	HM8358NW5F
509	Ipanema Studio 300 m da praia	Airbnb	Espaço Inteiro	Pequeno	43	2023-09-03	2023-10-16	2023-10-24	8	2	0	0	2	1872.48	936.24	234.06	234.06	1591.61	795.8	198.95	280.87	Ipanema	Confirmada	HMRF2ZB5M5
510	Apê Amplo em Ipanema 300 m da Praia	Airbnb	Espaço Inteiro	Grande	33	2023-09-12	2023-10-15	2023-10-19	4	8	0	0	8	2287.08	285.885	571.77	571.77	1944.02	243.0	486.0	343.06	Ipanema	Confirmada	HMEAYCM5Y5
511	Apê Amplo Ipanema 300 m da Praia	Airbnb	Espaço Inteiro	Grande	40	2023-09-03	2023-10-13	2023-10-21	8	8	1	2	11	8090.35	735.4863636363636	1011.29	1011.29	6876.8	625.16	859.6	1213.55	Ipanema	Confirmada	HMR82YSKQR
512	Charmoso Apartamento no Leblon!	Airbnb	Espaço Inteiro	Pequeno	3	2023-10-09	2023-10-12	2023-10-15	3	1	0	0	1	1568.69	1568.69	522.9	522.9	1333.39	1333.39	444.46	235.3	Leblon	Confirmada	HMZJQHDP9R
513	Ipanema Studio 300 m da praia	Booking	Espaço Inteiro	Pequeno	34	2023-12-21	2024-01-24	2024-01-31	7	2	0	0	2	2511.0	1255.5	358.71	333.0	2184.57	1092.29	0.0	326.43	Ipanema	Confirmada	4008947634
514	Studio Praia Ipanema	Expedia	Espaço Inteiro	Pequeno	98	2023-10-09	2024-01-15	2024-01-17	2	2	0	0	2	375.76	187.88	187.88	187.88	375.76	187.88	0.0	0.0	Ipanema	Confirmada	101734428
515	Ipanema Studio 300 m da praia	Decolar	Espaço Inteiro	Pequeno	32	2023-12-14	2024-01-15	2024-01-22	7	2	0	0	2	2602.01	1301.005	371.72	330.96	2211.71	1105.86	0.0	390.3	Ipanema	Confirmada	24473675202
516	Apartamento Leblon Vista Mar!	Decolar	Espaço Inteiro	Pequeno	16	2023-12-28	2024-01-13	2024-01-16	3	2	0	0	2	1732.0	866.0	577.33	470.63	1472.2	736.1	0.0	259.8	Leblon	Confirmada	24611281502
517	Studio Praia Ipanema	Decolar	Espaço Inteiro	Pequeno	77	2023-10-20	2024-01-05	2024-01-15	10	2	0	0	2	3890.0	1945.0	389.0	355.26	3306.5	1653.25	0.0	583.5	Ipanema	Confirmada	23716648402
518	Studio Praia Ipanema	Expedia	Espaço Inteiro	Pequeno	71	2023-10-19	2023-12-29	2024-01-03	5	3	0	0	3	1148.1	382.7	229.62	229.62	1148.1	382.7	0.0	0.0	Ipanema	Confirmada	107853324
519	Stúdio Praia Leblon	Booking	Espaço Inteiro	Pequeno	26	2023-11-23	2023-12-19	2023-12-25	6	2	0	0	2	4328.0	2164.0	721.33	688.0	3765.36	1882.68	0.0	562.64	Leblon	Confirmada	4143984370
520	Studio Praia Ipanema	Decolar	Espaço Inteiro	Pequeno	14	2023-11-24	2023-12-08	2023-12-12	4	2	0	0	2	1740.01	870.005	435.0	372.4	1479.01	739.5	0.0	261.0	Ipanema	Confirmada	24193314202
521	Ipanema Studio 300 m da praia	Booking	Espaço Inteiro	Pequeno	2	2023-12-05	2023-12-07	2023-12-12	5	1	0	0	1	1305.0	1305.0	261.0	225.0	1135.35	1135.35	0.0	169.65	Ipanema	Confirmada	4287443947
522	Charmoso Apartamento no Leblon	Booking	Espaço Inteiro	Quarto	0	2023-11-30	2023-11-30	2023-12-08	8	1	0	0	1	3064.0	3064.0	383.0	358.0	2665.68	2665.68	0.0	398.32	Leblon	Confirmada	4049142432
523	Stúdio Praia Leblon	Decolar	Espaço Inteiro	Pequeno	11	2023-10-28	2023-11-08	2023-11-12	4	1	0	0	1	2176.01	2176.01	544.0	471.98	1849.61	1849.61	0.0	326.4	Leblon	Confirmada	23817358502
524	Ipanema Amplo Vista Mar!	Booking	Espaço Inteiro	Grande	11	2023-10-24	2023-11-04	2023-11-07	3	6	0	0	6	2411.0	401.8333333333333	803.67	720.33	2097.57	349.6	0.0	313.43	Ipanema	Confirmada	4025680794
525	Charmoso Apartamento no Leblon	Decolar	Espaço Inteiro	Quarto	29	2023-10-05	2023-11-03	2023-11-09	6	1	0	0	1	2882.0	2882.0	480.33	427.56	2449.7	2449.7	0.0	432.3	Leblon	Confirmada	23530860202
526	Apartamento Leblon Vista Mar!	Decolar	Espaço Inteiro	Pequeno	20	2023-10-04	2023-10-24	2023-10-29	5	1	0	0	1	265.01	265.01	53.0	0.86	225.26	225.26	0.0	39.75	Leblon	Confirmada	23513591002
527	Stúdio Praia Leblon	Decolar	Espaço Inteiro	Pequeno	17	2023-10-05	2023-10-22	2023-10-30	8	2	0	0	2	3264.0	1632.0	408.0	366.49	2774.4	1387.2	0.0	489.6	Leblon	Confirmada	23527046602
528	Charmoso Apartamento no Leblon	Decolar	Espaço Inteiro	Quarto	10	2023-10-09	2023-10-19	2023-10-22	3	1	0	0	1	1420.01	1420.01	473.34	387.51	1207.01	1207.01	0.0	213.0	Leblon	Confirmada	23576110602
529	Apê Amplo Ipanema 300 m da Praia	Airbnb	Espaço Inteiro	Grande	21	2023-09-02	2023-09-23	2023-09-30	7	7	0	0	7	0.0	0.0	0.0	0.0	4000.0	571.43	0.0	0.0	hello	Confirmada	
530	Studio Praia Ipanema	Expedia	Espaço Inteiro	Pequeno	3	2023-09-12	2023-09-15	2023-09-18	3	1	0	0	1	563.64	563.64	187.88	187.88	563.64	563.64	0.0	0.0	Ipanema	Confirmada	85720549
